snapshot_name,optimizer_step,support_intent,state_id,disclosure_level,activation_level,trust_level,complete_groups,pass_rate_sum,raw_unit_pass_rate,shared_state_prior,hierarchical_pass_rate,boundary_value,uncertainty_bonus,allocation_score,sampling_probability
warmup_end,60,你希望对方引导你针对事件进行自我反思，收获自我成长,0,delayed,moderate,trust_1,6,3.0,0.5,0.27325581395348836,0.40930232558139534,0.8186046511627907,0.9902992172621985,0.9671495337521204,0.041666666666666664
warmup_end,60,你希望对方引导你针对事件进行自我反思，收获自我成长,1,delayed,moderate,trust_2,4,0.0,0.0,0.27205882352941174,0.13602941176470587,0.2720588235294117,1.1717378356928534,0.4478194988833397,0.041666666666666664
warmup_end,60,你希望对方引导你针对事件进行自我反思，收获自我成长,2,delayed,moderate,trust_3,5,2.25,0.45,0.40625,0.4305555555555556,0.8611111111111112,1.0696454068187629,1.0215579221339255,0.041666666666666664
warmup_end,60,你希望对方引导你针对事件进行自我反思，收获自我成长,3,delayed,moderate,trust_4,4,0.5,0.125,0.3409090909090909,0.23295454545454544,0.46590909090909083,1.1717378356928534,0.6416697662630189,0.041666666666666664
warmup_end,60,你希望对方引导你针对事件进行自我反思，收获自我成长,4,delayed,high,trust_1,2,0.0,0.0,0.20121951219512196,0.13414634146341464,0.2682926829268293,1.5127070412531811,0.49519873911480644,0.041666666666666664
warmup_end,60,你希望对方引导你针对事件进行自我反思，收获自我成长,5,delayed,high,trust_2,8,2.0,0.25,0.24305555555555555,0.2476851851851852,0.49537037037037046,0.8733618174725665,0.6263746429912554,0.041666666666666664
warmup_end,60,你希望对方引导你针对事件进行自我反思，收获自我成长,6,delayed,high,trust_3,9,3.0,0.3333333333333333,0.3181818181818182,0.32867132867132864,0.6573426573426573,0.8285437693912652,0.781624222751347,0.041666666666666664
warmup_end,60,你希望对方引导你针对事件进行自我反思，收获自我成长,7,delayed,high,trust_4,4,0.25,0.0625,0.21052631578947367,0.13651315789473684,0.2730263157894737,1.1717378356928534,0.4487869911434017,0.041666666666666664
warmup_end,60,你希望对方引导你针对事件进行自我反思，收获自我成长,8,conditional,moderate,trust_1,5,2.5,0.5,0.24553571428571427,0.3869047619047619,0.7738095238095238,1.0696454068187629,0.9342563348323383,0.041666666666666664
warmup_end,60,你希望对方引导你针对事件进行自我反思，收获自我成长,9,conditional,moderate,trust_2,4,1.75,0.4375,0.37857142857142856,0.4080357142857143,0.8160714285714286,1.1717378356928534,0.9918321039253566,0.041666666666666664
warmup_end,60,你希望对方引导你针对事件进行自我反思，收获自我成长,10,conditional,moderate,trust_3,3,0.25,0.08333333333333333,0.30625,0.21071428571428572,0.4214285714285715,1.3100427262088497,0.6179349803598989,0.041666666666666664
warmup_end,60,你希望对方引导你针对事件进行自我反思，收获自我成长,11,conditional,moderate,trust_4,9,3.25,0.3611111111111111,0.2972972972972973,0.3414760914760915,0.682952182952183,0.8285437693912652,0.8072337483608727,0.041666666666666664
warmup_end,60,你希望对方引导你针对事件进行自我反思，收获自我成长,12,conditional,high,trust_1,1,0.0,0.0,0.35365853658536583,0.28292682926829266,0.5658536585365853,1.8526801906927786,0.8437556871405021,0.041666666666666664
warmup_end,60,你希望对方引导你针对事件进行自我反思，收获自我成长,13,conditional,high,trust_2,1,0.0,0.0,0.34146341463414637,0.2731707317073171,0.5463414634146342,1.8526801906927786,0.824243492018551,0.041666666666666664
warmup_end,60,你希望对方引导你针对事件进行自我反思，收获自我成长,14,conditional,high,trust_3,6,1.0,0.16666666666666666,0.34444444444444444,0.23777777777777778,0.4755555555555555,0.9902992172621985,0.6241004381448853,0.041666666666666664
warmup_end,60,你希望对方引导你针对事件进行自我反思，收获自我成长,15,conditional,high,trust_4,4,2.25,0.5625,0.2978723404255319,0.43018617021276595,0.8603723404255319,1.1717378356928534,1.03613301577946,0.041666666666666664
warmup_end,60,你希望对方引导你针对事件进行自我反思，收获自我成长,16,proactive,moderate,trust_1,9,1.75,0.19444444444444445,0.28365384615384615,0.22189349112426035,0.44378698224852076,0.8285437693912652,0.5680685476572105,0.041666666666666664
warmup_end,60,你希望对方引导你针对事件进行自我反思，收获自我成长,17,proactive,moderate,trust_2,8,2.5,0.3125,0.2631578947368421,0.29605263157894735,0.5921052631578947,0.8733618174725665,0.7231095357787797,0.041666666666666664
warmup_end,60,你希望对方引导你针对事件进行自我反思，收获自我成长,18,proactive,moderate,trust_3,3,0.75,0.25,0.31666666666666665,0.28809523809523807,0.5761904761904761,1.3100427262088497,0.7726968851218036,0.041666666666666664
warmup_end,60,你希望对方引导你针对事件进行自我反思，收获自我成长,19,proactive,moderate,trust_4,6,3.0,0.5,0.25925925925925924,0.40370370370370373,0.8074074074074075,0.9902992172621985,0.9559522899967372,0.041666666666666664
warmup_end,60,你希望对方引导你针对事件进行自我反思，收获自我成长,20,proactive,high,trust_1,6,2.25,0.375,0.4166666666666667,0.3916666666666667,0.7833333333333334,0.9902992172621985,0.9318782159226632,0.041666666666666664
warmup_end,60,你希望对方引导你针对事件进行自我反思，收获自我成长,21,proactive,high,trust_2,5,2.75,0.55,0.40131578947368424,0.4839181286549708,0.9678362573099416,1.0696454068187629,1.128283068332756,0.041666666666666664
warmup_end,60,你希望对方引导你针对事件进行自我反思，收获自我成长,22,proactive,high,trust_3,1,0.0,0.0,0.3806818181818182,0.30454545454545456,0.6090909090909091,1.8526801906927786,0.8869929376948259,0.041666666666666664
warmup_end,60,你希望对方引导你针对事件进行自我反思，收获自我成长,23,proactive,high,trust_4,10,3.25,0.325,0.3235294117647059,0.3245798319327731,0.6491596638655462,0.7899854876670986,0.767657487015611,0.041666666666666664
warmup_end,60,你希望对方深刻共情你的感受，而不是简单的安慰,0,delayed,moderate,trust_1,3,0.75,0.25,0.30434782608695654,0.281055900621118,0.562111801242236,1.3100427262088497,0.7586182101735635,0.041666666666666664
warmup_end,60,你希望对方深刻共情你的感受，而不是简单的安慰,1,delayed,moderate,trust_2,6,1.25,0.20833333333333334,0.25,0.225,0.44999999999999996,0.9902992172621985,0.5985448825893297,0.041666666666666664
warmup_end,60,你希望对方深刻共情你的感受，而不是简单的安慰,2,delayed,moderate,trust_3,4,2.0,0.5,0.4015151515151515,0.45075757575757575,0.9015151515151515,1.1717378356928534,1.0772758268690794,0.041666666666666664
warmup_end,60,你希望对方深刻共情你的感受，而不是简单的安慰,3,delayed,moderate,trust_4,5,2.5,0.5,0.3023255813953488,0.41214470284237725,0.8242894056847545,1.0696454068187629,0.984736216707569,0.041666666666666664
warmup_end,60,你希望对方深刻共情你的感受，而不是简单的安慰,4,delayed,high,trust_1,3,0.25,0.08333333333333333,0.2,0.15,0.30000000000000004,1.3100427262088497,0.49650640893132747,0.041666666666666664
warmup_end,60,你希望对方深刻共情你的感受，而不是简单的安慰,5,delayed,high,trust_2,2,0.25,0.125,0.25,0.20833333333333334,0.41666666666666674,1.5127070412531811,0.643572722854644,0.041666666666666664
warmup_end,60,你希望对方深刻共情你的感受，而不是简单的安慰,6,delayed,high,trust_3,2,0.25,0.125,0.33125,0.2625,0.525,1.5127070412531811,0.7519060561879771,0.041666666666666664
warmup_end,60,你希望对方深刻共情你的感受，而不是简单的安慰,7,delayed,high,trust_4,7,1.0,0.14285714285714285,0.20714285714285716,0.16623376623376626,0.3324675324675326,0.9263400953463893,0.47141854676949096,0.041666666666666664
warmup_end,60,你希望对方深刻共情你的感受，而不是简单的安慰,8,conditional,moderate,trust_1,7,2.25,0.32142857142857145,0.25925925925925924,0.2988215488215488,0.5976430976430976,0.9263400953463893,0.7365941119450561,0.041666666666666664
warmup_end,60,你希望对方深刻共情你的感受，而不是简单的安慰,9,conditional,moderate,trust_2,10,3.25,0.325,0.4051724137931034,0.3479064039408867,0.6958128078817734,0.7899854876670986,0.8143106310318382,0.041666666666666664
warmup_end,60,你希望对方深刻共情你的感受，而不是简单的安慰,10,conditional,moderate,trust_3,5,1.5,0.3,0.2894736842105263,0.2953216374269006,0.5906432748538012,1.0696454068187629,0.7510900858766156,0.041666666666666664
warmup_end,60,你希望对方深刻共情你的感受，而不是简单的安慰,11,conditional,moderate,trust_4,5,1.5,0.3,0.31097560975609756,0.30487804878048785,0.6097560975609757,1.0696454068187629,0.7702029085837901,0.041666666666666664
warmup_end,60,你希望对方深刻共情你的感受，而不是简单的安慰,12,conditional,high,trust_1,8,2.5,0.3125,0.35294117647058826,0.32598039215686275,0.6519607843137255,0.8733618174725665,0.7829650569346105,0.041666666666666664
warmup_end,60,你希望对方深刻共情你的感受，而不是简单的安慰,13,conditional,high,trust_2,6,1.75,0.2916666666666667,0.3402777777777778,0.3111111111111111,0.6222222222222222,0.9902992172621985,0.770767104811552,0.041666666666666664
warmup_end,60,你希望对方深刻共情你的感受，而不是简单的安慰,14,conditional,high,trust_3,4,1.5,0.375,0.3191489361702128,0.3470744680851064,0.6941489361702128,1.1717378356928534,0.8699096115241408,0.041666666666666664
warmup_end,60,你希望对方深刻共情你的感受，而不是简单的安慰,15,conditional,high,trust_4,6,2.75,0.4583333333333333,0.3,0.395,0.79,0.9902992172621985,0.9385448825893298,0.041666666666666664
warmup_end,60,你希望对方深刻共情你的感受，而不是简单的安慰,16,proactive,moderate,trust_1,10,3.0,0.3,0.2647058823529412,0.2899159663865546,0.5798319327731092,0.7899854876670986,0.698329755923174,0.041666666666666664
warmup_end,60,你希望对方深刻共情你的感受，而不是简单的安慰,17,proactive,moderate,trust_2,5,1.25,0.25,0.27439024390243905,0.260840108401084,0.521680216802168,1.0696454068187629,0.6821270278249825,0.041666666666666664
warmup_end,60,你希望对方深刻共情你的感受，而不是简单的安慰,18,proactive,moderate,trust_3,4,1.5,0.375,0.3017241379310345,0.33836206896551724,0.6767241379310345,1.1717378356928534,0.8524848132849625,0.041666666666666664
warmup_end,60,你希望对方深刻共情你的感受，而不是简单的安慰,19,proactive,moderate,trust_4,3,0.5,0.16666666666666666,0.31666666666666665,0.2523809523809524,0.5047619047619047,1.3100427262088497,0.7012683136932322,0.041666666666666664
warmup_end,60,你希望对方深刻共情你的感受，而不是简单的安慰,20,proactive,high,trust_1,1,0.0,0.0,0.4224137931034483,0.33793103448275863,0.6758620689655173,1.8526801906927786,0.953764097569434,0.041666666666666664
warmup_end,60,你希望对方深刻共情你的感受，而不是简单的安慰,21,proactive,high,trust_2,6,2.25,0.375,0.42567567567567566,0.3952702702702703,0.7905405405405406,0.9902992172621985,0.9390854231298703,0.041666666666666664
warmup_end,60,你希望对方深刻共情你的感受，而不是简单的安慰,22,proactive,high,trust_3,7,3.75,0.5357142857142857,0.34210526315789475,0.46531100478468895,0.9306220095693779,0.9263400953463893,1.0695730238713363,0.041666666666666664
warmup_end,60,你希望对方深刻共情你的感受，而不是简单的安慰,23,proactive,high,trust_4,2,1.75,0.875,0.2976190476190476,0.4900793650793651,0.9801587301587302,1.5127070412531811,1.2070647863467074,0.041666666666666664
warmup_end,60,你希望对方用心倾听你的情绪宣泄,0,delayed,moderate,trust_1,8,2.25,0.28125,0.3048780487804878,0.2891260162601626,0.5782520325203252,0.8733618174725665,0.7092563051412102,0.041666666666666664
warmup_end,60,你希望对方用心倾听你的情绪宣泄,1,delayed,moderate,trust_2,6,2.75,0.4583333333333333,0.203125,0.35625,0.7125,0.9902992172621985,0.8610448825893298,0.041666666666666664
warmup_end,60,你希望对方用心倾听你的情绪宣泄,2,delayed,moderate,trust_3,2,0.75,0.375,0.4142857142857143,0.40119047619047626,0.8023809523809525,1.5127070412531811,1.0292870085689296,0.041666666666666664
warmup_end,60,你希望对方用心倾听你的情绪宣泄,3,delayed,moderate,trust_4,9,2.5,0.2777777777777778,0.3333333333333333,0.2948717948717948,0.5897435897435896,0.8285437693912652,0.7140251551522794,0.041666666666666664
warmup_end,60,你希望对方用心倾听你的情绪宣泄,4,delayed,high,trust_1,2,0.75,0.375,0.18292682926829268,0.24695121951219512,0.49390243902439024,1.5127070412531811,0.7208084952123675,0.041666666666666664
warmup_end,60,你希望对方用心倾听你的情绪宣泄,5,delayed,high,trust_2,6,4.0,0.6666666666666666,0.17763157894736842,0.47105263157894733,0.9421052631578947,0.9902992172621985,1.0906501457472244,0.041666666666666664
warmup_end,60,你希望对方用心倾听你的情绪宣泄,6,delayed,high,trust_3,3,1.5,0.5,0.3076923076923077,0.3901098901098901,0.7802197802197802,1.3100427262088497,0.9767261891511076,0.041666666666666664
warmup_end,60,你希望对方用心倾听你的情绪宣泄,7,delayed,high,trust_4,5,1.0,0.2,0.19594594594594594,0.1981981981981982,0.39639639639639634,1.0696454068187629,0.5568432074192108,0.041666666666666664
warmup_end,60,你希望对方用心倾听你的情绪宣泄,8,conditional,moderate,trust_1,5,0.5,0.1,0.28125,0.18055555555555555,0.36111111111111116,1.0696454068187629,0.5215579221339256,0.041666666666666664
warmup_end,60,你希望对方用心倾听你的情绪宣泄,9,conditional,moderate,trust_2,5,1.0,0.2,0.4117647058823529,0.29411764705882354,0.5882352941176471,1.0696454068187629,0.7486821051404615,0.041666666666666664
warmup_end,60,你希望对方用心倾听你的情绪宣泄,10,conditional,moderate,trust_3,6,2.5,0.4166666666666667,0.2702702702702703,0.3581081081081081,0.7162162162162162,0.9902992172621985,0.864761098805546,0.041666666666666664
warmup_end,60,你希望对方用心倾听你的情绪宣泄,11,conditional,moderate,trust_4,4,0.75,0.1875,0.32142857142857145,0.2544642857142857,0.5089285714285714,1.1717378356928534,0.6846892467824994,0.041666666666666664
warmup_end,60,你希望对方用心倾听你的情绪宣泄,12,conditional,high,trust_1,6,2.0,0.3333333333333333,0.3472222222222222,0.3388888888888889,0.6777777777777778,0.9902992172621985,0.8263226603671076,0.041666666666666664
warmup_end,60,你希望对方用心倾听你的情绪宣泄,13,conditional,high,trust_2,7,2.5,0.35714285714285715,0.32857142857142857,0.34675324675324676,0.6935064935064935,0.9263400953463893,0.832457507808452,0.041666666666666664
warmup_end,60,你希望对方用心倾听你的情绪宣泄,14,conditional,high,trust_3,7,2.0,0.2857142857142857,0.32954545454545453,0.30165289256198347,0.6033057851239669,0.9263400953463893,0.7422567994259253,0.041666666666666664
warmup_end,60,你希望对方用心倾听你的情绪宣泄,15,conditional,high,trust_4,7,1.5,0.21428571428571427,0.3352272727272727,0.25826446280991733,0.5165289256198347,0.9263400953463893,0.655479939921793,0.041666666666666664
warmup_end,60,你希望对方用心倾听你的情绪宣泄,16,proactive,moderate,trust_1,4,0.75,0.1875,0.27631578947368424,0.23190789473684212,0.4638157894736843,1.1717378356928534,0.6395764648276123,0.041666666666666664
warmup_end,60,你希望对方用心倾听你的情绪宣泄,17,proactive,moderate,trust_2,6,1.5,0.25,0.275,0.26,0.52,0.9902992172621985,0.6685448825893298,0.041666666666666664
warmup_end,60,你希望对方用心倾听你的情绪宣泄,18,proactive,moderate,trust_3,6,2.5,0.4166666666666667,0.28703703703703703,0.3648148148148148,0.7296296296296296,0.9902992172621985,0.8781745122189594,0.041666666666666664
warmup_end,60,你希望对方用心倾听你的情绪宣泄,19,proactive,moderate,trust_4,3,0.5,0.16666666666666666,0.31666666666666665,0.2523809523809524,0.5047619047619047,1.3100427262088497,0.7012683136932322,0.041666666666666664
warmup_end,60,你希望对方用心倾听你的情绪宣泄,20,proactive,high,trust_1,0,0.0,,0.4083333333333333,0.4083333333333333,0.8166666666666667,2.6200854524176993,1.2096794845293215,0.041666666666666664
warmup_end,60,你希望对方用心倾听你的情绪宣泄,21,proactive,high,trust_2,7,1.75,0.25,0.4513888888888889,0.3232323232323232,0.6464646464646464,0.9263400953463893,0.7854156607666047,0.041666666666666664
warmup_end,60,你希望对方用心倾听你的情绪宣泄,22,proactive,high,trust_3,8,4.0,0.5,0.34459459459459457,0.44819819819819817,0.8963963963963963,0.8733618174725665,1.0274006690172812,0.041666666666666664
warmup_end,60,你希望对方用心倾听你的情绪宣泄,23,proactive,high,trust_4,3,1.5,0.5,0.31097560975609756,0.3919860627177701,0.7839721254355402,1.3100427262088497,0.9804785343668676,0.041666666666666664
warmup_end,60,你希望对方真诚地夸奖你在事件中的具体行为,0,delayed,moderate,trust_1,2,0.75,0.375,0.2978723404255319,0.32358156028368795,0.6471631205673759,1.5127070412531811,0.874069176755353,0.041666666666666664
warmup_end,60,你希望对方真诚地夸奖你在事件中的具体行为,1,delayed,moderate,trust_2,3,1.5,0.5,0.22142857142857142,0.3408163265306122,0.6816326530612244,1.3100427262088497,0.8781390619925519,0.041666666666666664
warmup_end,60,你希望对方真诚地夸奖你在事件中的具体行为,2,delayed,moderate,trust_3,2,1.25,0.625,0.4,0.47500000000000003,0.9500000000000001,1.5127070412531811,1.1769060561879772,0.041666666666666664
warmup_end,60,你希望对方真诚地夸奖你在事件中的具体行为,3,delayed,moderate,trust_4,6,3.25,0.5416666666666666,0.2916666666666667,0.4416666666666667,0.8833333333333334,0.9902992172621985,1.0318782159226632,0.041666666666666664
warmup_end,60,你希望对方真诚地夸奖你在事件中的具体行为,4,delayed,high,trust_1,8,2.25,0.28125,0.17142857142857143,0.24464285714285716,0.4892857142857143,0.8733618174725665,0.6202899869065993,0.041666666666666664
warmup_end,60,你希望对方真诚地夸奖你在事件中的具体行为,5,delayed,high,trust_2,2,0.0,0.0,0.25595238095238093,0.1706349206349206,0.34126984126984117,1.5127070412531811,0.5681758974578184,0.041666666666666664
warmup_end,60,你希望对方真诚地夸奖你在事件中的具体行为,6,delayed,high,trust_3,4,1.75,0.4375,0.3092105263157895,0.37335526315789475,0.7467105263157895,1.1717378356928534,0.9224712016697175,0.041666666666666664
warmup_end,60,你希望对方真诚地夸奖你在事件中的具体行为,7,delayed,high,trust_4,5,1.25,0.25,0.1891891891891892,0.222972972972973,0.44594594594594605,1.0696454068187629,0.6063927569687605,0.041666666666666664
warmup_end,60,你希望对方真诚地夸奖你在事件中的具体行为,8,conditional,moderate,trust_1,5,2.0,0.4,0.2544642857142857,0.3353174603174603,0.6706349206349206,1.0696454068187629,0.831081731657735,0.041666666666666664
warmup_end,60,你希望对方真诚地夸奖你在事件中的具体行为,9,conditional,moderate,trust_2,4,2.5,0.625,0.35714285714285715,0.4910714285714286,0.9821428571428572,1.1717378356928534,1.1579035324967852,0.041666666666666664
warmup_end,60,你希望对方真诚地夸奖你在事件中的具体行为,10,conditional,moderate,trust_3,3,1.0,0.3333333333333333,0.2875,0.3071428571428571,0.6142857142857142,1.3100427262088497,0.8107921232170416,0.041666666666666664
warmup_end,60,你希望对方真诚地夸奖你在事件中的具体行为,11,conditional,moderate,trust_4,6,2.75,0.4583333333333333,0.2875,0.39,0.78,0.9902992172621985,0.9285448825893298,0.041666666666666664
warmup_end,60,你希望对方真诚地夸奖你在事件中的具体行为,12,conditional,high,trust_1,7,3.75,0.5357142857142857,0.30714285714285716,0.4525974025974026,0.9051948051948052,0.9263400953463893,1.0441458194967637,0.041666666666666664
warmup_end,60,你希望对方真诚地夸奖你在事件中的具体行为,13,conditional,high,trust_2,7,3.5,0.5,0.3,0.4272727272727273,0.8545454545454546,0.9263400953463893,0.993496468847413,0.041666666666666664
warmup_end,60,你希望对方真诚地夸奖你在事件中的具体行为,14,conditional,high,trust_3,4,2.25,0.5625,0.30319148936170215,0.4328457446808511,0.8656914893617021,1.1717378356928534,1.04145216471563,0.041666666666666664
warmup_end,60,你希望对方真诚地夸奖你在事件中的具体行为,15,conditional,high,trust_4,5,1.75,0.35,0.31521739130434784,0.3345410628019324,0.6690821256038648,1.0696454068187629,0.8295289366266793,0.041666666666666664
warmup_end,60,你希望对方真诚地夸奖你在事件中的具体行为,16,proactive,moderate,trust_1,6,2.25,0.375,0.2590909090909091,0.3286363636363636,0.6572727272727272,0.9902992172621985,0.805817609862057,0.041666666666666664
warmup_end,60,你希望对方真诚地夸奖你在事件中的具体行为,17,proactive,moderate,trust_2,3,1.25,0.4166666666666667,0.2616279069767442,0.3280730897009967,0.6561461794019934,1.3100427262088497,0.8526525883333208,0.041666666666666664
warmup_end,60,你希望对方真诚地夸奖你在事件中的具体行为,18,proactive,moderate,trust_3,1,0.25,0.25,0.3125,0.3,0.6,1.8526801906927786,0.8779020286039168,0.041666666666666664
warmup_end,60,你希望对方真诚地夸奖你在事件中的具体行为,19,proactive,moderate,trust_4,3,0.75,0.25,0.30833333333333335,0.2833333333333333,0.5666666666666667,1.3100427262088497,0.7631730755979941,0.041666666666666664
warmup_end,60,你希望对方真诚地夸奖你在事件中的具体行为,20,proactive,high,trust_1,2,1.5,0.75,0.38392857142857145,0.5059523809523809,0.9880952380952381,1.5127070412531811,1.2150012942832153,0.041666666666666664
warmup_end,60,你希望对方真诚地夸奖你在事件中的具体行为,21,proactive,high,trust_2,3,0.75,0.25,0.43125,0.3535714285714286,0.7071428571428572,1.3100427262088497,0.9036492660741846,0.041666666666666664
warmup_end,60,你希望对方真诚地夸奖你在事件中的具体行为,22,proactive,high,trust_3,4,1.0,0.25,0.38414634146341464,0.3170731707317073,0.6341463414634146,1.1717378356928534,0.8099070168173427,0.041666666666666664
warmup_end,60,你希望对方真诚地夸奖你在事件中的具体行为,23,proactive,high,trust_4,3,0.75,0.25,0.32926829268292684,0.2952961672473868,0.5905923344947736,1.3100427262088497,0.787098743426101,0.041666666666666664
warmup_end,60,你希望对方辩证地分析事件中的问题,0,delayed,moderate,trust_1,4,2.0,0.5,0.2833333333333333,0.39166666666666666,0.7833333333333333,1.1717378356928534,0.9590940086872614,0.041666666666666664
warmup_end,60,你希望对方辩证地分析事件中的问题,1,delayed,moderate,trust_2,4,0.0,0.0,0.27205882352941174,0.13602941176470587,0.2720588235294117,1.1717378356928534,0.4478194988833397,0.041666666666666664
warmup_end,60,你希望对方辩证地分析事件中的问题,2,delayed,moderate,trust_3,8,2.5,0.3125,0.4396551724137931,0.35488505747126436,0.7097701149425287,0.8733618174725665,0.8407743875634137,0.041666666666666664
warmup_end,60,你希望对方辩证地分析事件中的问题,3,delayed,moderate,trust_4,5,1.0,0.2,0.3372093023255814,0.2609819121447028,0.5219638242894056,1.0696454068187629,0.68241063531222,0.041666666666666664
warmup_end,60,你希望对方辩证地分析事件中的问题,4,delayed,high,trust_1,4,0.25,0.0625,0.20512820512820512,0.13381410256410256,0.26762820512820507,1.1717378356928534,0.4433888804821331,0.041666666666666664
warmup_end,60,你希望对方辩证地分析事件中的问题,5,delayed,high,trust_2,6,0.0,0.0,0.28289473684210525,0.1131578947368421,0.22631578947368425,0.9902992172621985,0.374860672063014,0.041666666666666664
warmup_end,60,你希望对方辩证地分析事件中的问题,6,delayed,high,trust_3,5,1.75,0.35,0.31756756756756754,0.3355855855855856,0.6711711711711712,1.0696454068187629,0.8316179821939856,0.041666666666666664
warmup_end,60,你希望对方辩证地分析事件中的问题,7,delayed,high,trust_4,3,0.75,0.25,0.19230769230769232,0.217032967032967,0.4340659340659341,1.3100427262088497,0.6305723429972615,0.041666666666666664
warmup_end,60,你希望对方辩证地分析事件中的问题,8,conditional,moderate,trust_1,7,0.5,0.07142857142857142,0.2916666666666667,0.15151515151515152,0.303030303030303,0.9263400953463893,0.44198131733226137,0.041666666666666664
warmup_end,60,你希望对方辩证地分析事件中的问题,9,conditional,moderate,trust_2,3,2.25,0.75,0.3541666666666667,0.5238095238095238,0.9523809523809523,1.3100427262088497,1.1488873613122799,0.041666666666666664
warmup_end,60,你希望对方辩证地分析事件中的问题,10,conditional,moderate,trust_3,7,2.25,0.32142857142857145,0.2847222222222222,0.30808080808080807,0.6161616161616161,0.9263400953463893,0.7551126304635745,0.041666666666666664
warmup_end,60,你希望对方辩证地分析事件中的问题,11,conditional,moderate,trust_4,5,2.0,0.4,0.29878048780487804,0.3550135501355014,0.7100271002710028,1.0696454068187629,0.8704739112938172,0.041666666666666664
warmup_end,60,你希望对方辩证地分析事件中的问题,12,conditional,high,trust_1,6,2.0,0.3333333333333333,0.3472222222222222,0.3388888888888889,0.6777777777777778,0.9902992172621985,0.8263226603671076,0.041666666666666664
warmup_end,60,你希望对方辩证地分析事件中的问题,13,conditional,high,trust_2,4,0.25,0.0625,0.3618421052631579,0.21217105263157895,0.42434210526315796,1.1717378356928534,0.600102780617086,0.041666666666666664
warmup_end,60,你希望对方辩证地分析事件中的问题,14,conditional,high,trust_3,6,1.5,0.25,0.3333333333333333,0.2833333333333333,0.5666666666666667,0.9902992172621985,0.7152115492559964,0.041666666666666664
warmup_end,60,你希望对方辩证地分析事件中的问题,15,conditional,high,trust_4,8,0.25,0.03125,0.37209302325581395,0.14486434108527133,0.2897286821705427,0.8733618174725665,0.4207329547914277,0.041666666666666664
warmup_end,60,你希望对方辩证地分析事件中的问题,16,proactive,moderate,trust_1,5,0.25,0.05,0.29017857142857145,0.15674603174603174,0.3134920634920635,1.0696454068187629,0.47393887451487793,0.041666666666666664
warmup_end,60,你希望对方辩证地分析事件中的问题,17,proactive,moderate,trust_2,4,1.5,0.375,0.2619047619047619,0.31845238095238093,0.6369047619047619,1.1717378356928534,0.8126654372586899,0.041666666666666664
warmup_end,60,你希望对方辩证地分析事件中的问题,18,proactive,moderate,trust_3,4,1.75,0.4375,0.29310344827586204,0.36530172413793105,0.7306034482758621,1.1717378356928534,0.9063641236297901,0.041666666666666664
warmup_end,60,你希望对方辩证地分析事件中的问题,19,proactive,moderate,trust_4,6,1.25,0.20833333333333334,0.32407407407407407,0.25462962962962965,0.5092592592592593,0.9902992172621985,0.657804141848589,0.041666666666666664
warmup_end,60,你希望对方辩证地分析事件中的问题,20,proactive,high,trust_1,4,1.25,0.3125,0.4230769230769231,0.36778846153846156,0.7355769230769231,1.1717378356928534,0.9113375984308512,0.041666666666666664
warmup_end,60,你希望对方辩证地分析事件中的问题,21,proactive,high,trust_2,4,1.5,0.375,0.4230769230769231,0.39903846153846156,0.7980769230769231,1.1717378356928534,0.9738375984308512,0.041666666666666664
warmup_end,60,你希望对方辩证地分析事件中的问题,22,proactive,high,trust_3,7,2.75,0.39285714285714285,0.3684210526315789,0.38397129186602874,0.7679425837320575,0.9263400953463893,0.9068935980340158,0.041666666666666664
warmup_end,60,你希望对方辩证地分析事件中的问题,23,proactive,high,trust_4,7,2.5,0.35714285714285715,0.31756756756756754,0.34275184275184273,0.6855036855036855,0.9263400953463893,0.8244546998056439,0.041666666666666664
warmup_end,60,你想分析事件中其他人物这么做的原因,0,delayed,moderate,trust_1,10,2.0,0.2,0.3269230769230769,0.23626373626373626,0.4725274725274725,0.7899854876670986,0.5910252956775373,0.041666666666666664
warmup_end,60,你想分析事件中其他人物这么做的原因,1,delayed,moderate,trust_2,4,0.5,0.125,0.25735294117647056,0.19117647058823528,0.38235294117647056,1.1717378356928534,0.5581136165303986,0.041666666666666664
warmup_end,60,你想分析事件中其他人物这么做的原因,2,delayed,moderate,trust_3,4,1.25,0.3125,0.42424242424242425,0.36837121212121215,0.7367424242424243,1.1717378356928534,0.9125030995963523,0.041666666666666664
warmup_end,60,你想分析事件中其他人物这么做的原因,3,delayed,moderate,trust_4,8,1.75,0.21875,0.34375,0.2604166666666667,0.5208333333333334,0.8733618174725665,0.6518376059542184,0.041666666666666664
warmup_end,60,你想分析事件中其他人物这么做的原因,4,delayed,high,trust_1,8,1.25,0.15625,0.2,0.1708333333333333,0.34166666666666656,0.8733618174725665,0.47267093928755155,0.041666666666666664
warmup_end,60,你想分析事件中其他人物这么做的原因,5,delayed,high,trust_2,3,0.25,0.08333333333333333,0.25609756097560976,0.18205574912891986,0.3641114982578397,1.3100427262088497,0.5606179071891672,0.041666666666666664
warmup_end,60,你想分析事件中其他人物这么做的原因,6,delayed,high,trust_3,4,0.5,0.125,0.34210526315789475,0.23355263157894737,0.4671052631578947,1.1717378356928534,0.6428659385118227,0.041666666666666664
warmup_end,60,你想分析事件中其他人物这么做的原因,7,delayed,high,trust_4,8,1.0,0.125,0.21323529411764705,0.15441176470588236,0.3088235294117647,0.8733618174725665,0.4398278020326497,0.041666666666666664
warmup_end,60,你想分析事件中其他人物这么做的原因,8,conditional,moderate,trust_1,13,3.25,0.25,0.2708333333333333,0.2549019607843137,0.5098039215686274,0.7002472919298306,0.614841015358102,0.041666666666666664
warmup_end,60,你想分析事件中其他人物这么做的原因,9,conditional,moderate,trust_2,2,0.75,0.375,0.38513513513513514,0.38175675675675674,0.7635135135135135,1.5127070412531811,0.9904195697014906,0.041666666666666664
warmup_end,60,你想分析事件中其他人物这么做的原因,10,conditional,moderate,trust_3,8,1.5,0.1875,0.3142857142857143,0.22976190476190475,0.45952380952380945,0.8733618174725665,0.5905280821446944,0.041666666666666664
warmup_end,60,你想分析事件中其他人物这么做的原因,11,conditional,moderate,trust_4,4,0.25,0.0625,0.3333333333333333,0.19791666666666666,0.39583333333333326,1.1717378356928534,0.5715940086872613,0.041666666666666664
warmup_end,60,你想分析事件中其他人物这么做的原因,12,conditional,high,trust_1,4,0.5,0.125,0.3684210526315789,0.24671052631578946,0.493421052631579,1.1717378356928534,0.669181727985507,0.041666666666666664
warmup_end,60,你想分析事件中其他人物这么做的原因,13,conditional,high,trust_2,4,0.25,0.0625,0.3618421052631579,0.21217105263157895,0.42434210526315796,1.1717378356928534,0.600102780617086,0.041666666666666664
warmup_end,60,你想分析事件中其他人物这么做的原因,14,conditional,high,trust_3,6,0.75,0.125,0.35,0.215,0.42999999999999994,0.9902992172621985,0.5785448825893297,0.041666666666666664
warmup_end,60,你想分析事件中其他人物这么做的原因,15,conditional,high,trust_4,4,0.25,0.0625,0.3404255319148936,0.2014627659574468,0.40292553191489366,1.1717378356928534,0.5786862072688217,0.041666666666666664
warmup_end,60,你想分析事件中其他人物这么做的原因,16,proactive,moderate,trust_1,6,1.25,0.20833333333333334,0.2772727272727273,0.23590909090909093,0.4718181818181819,0.9902992172621985,0.6203630644075117,0.041666666666666664
warmup_end,60,你想分析事件中其他人物这么做的原因,17,proactive,moderate,trust_2,8,1.75,0.21875,0.28289473684210525,0.24013157894736845,0.48026315789473695,0.8733618174725665,0.6112674305156219,0.041666666666666664
warmup_end,60,你想分析事件中其他人物这么做的原因,18,proactive,moderate,trust_3,4,0.75,0.1875,0.3275862068965517,0.25754310344827586,0.5150862068965517,1.1717378356928534,0.6908468822504797,0.041666666666666664
warmup_end,60,你想分析事件中其他人物这么做的原因,19,proactive,moderate,trust_4,5,1.25,0.25,0.3125,0.2777777777777778,0.5555555555555556,1.0696454068187629,0.71600236657837,0.041666666666666664
warmup_end,60,你想分析事件中其他人物这么做的原因,20,proactive,high,trust_1,6,1.0,0.16666666666666666,0.46875,0.2875,0.575,0.9902992172621985,0.7235448825893297,0.041666666666666664
warmup_end,60,你想分析事件中其他人物这么做的原因,21,proactive,high,trust_2,2,0.0,0.0,0.43902439024390244,0.2926829268292683,0.5853658536585366,1.5127070412531811,0.8122719098465137,0.041666666666666664
warmup_end,60,你想分析事件中其他人物这么做的原因,22,proactive,high,trust_3,2,0.0,0.0,0.38953488372093026,0.2596899224806202,0.5193798449612403,1.5127070412531811,0.7462859011492176,0.041666666666666664
warmup_end,60,你想分析事件中其他人物这么做的原因,23,proactive,high,trust_4,3,0.25,0.08333333333333333,0.34146341463414637,0.23083623693379793,0.4616724738675959,1.3100427262088497,0.6581788827989233,0.041666666666666664
warmup_end,60,你想获得能真实帮助你解决当下困境的建议,0,delayed,moderate,trust_1,6,1.0,0.16666666666666666,0.31976744186046513,0.22790697674418606,0.45581395348837206,0.9902992172621985,0.6043588360777018,0.041666666666666664
warmup_end,60,你想获得能真实帮助你解决当下困境的建议,1,delayed,moderate,trust_2,3,0.0,0.0,0.2642857142857143,0.1510204081632653,0.3020408163265307,1.3100427262088497,0.4985472252578581,0.041666666666666664
warmup_end,60,你想获得能真实帮助你解决当下困境的建议,2,delayed,moderate,trust_3,4,0.75,0.1875,0.4393939393939394,0.3134469696969697,0.6268939393939394,1.1717378356928534,0.8026546147478675,0.041666666666666664
warmup_end,60,你想获得能真实帮助你解决当下困境的建议,3,delayed,moderate,trust_4,4,1.75,0.4375,0.3125,0.375,0.75,1.1717378356928534,0.925760675353928,0.041666666666666664
warmup_end,60,你想获得能真实帮助你解决当下困境的建议,4,delayed,high,trust_1,9,0.5,0.05555555555555555,0.22794117647058823,0.10859728506787329,0.2171945701357466,0.8285437693912652,0.3414761355444364,0.041666666666666664
warmup_end,60,你想获得能真实帮助你解决当下困境的建议,5,delayed,high,trust_2,4,0.25,0.0625,0.2625,0.1625,0.32499999999999996,1.1717378356928534,0.500760675353928,0.041666666666666664
warmup_end,60,你想获得能真实帮助你解决当下困境的建议,6,delayed,high,trust_3,6,1.25,0.20833333333333334,0.3402777777777778,0.2611111111111111,0.5222222222222223,0.9902992172621985,0.670767104811552,0.041666666666666664
warmup_end,60,你想获得能真实帮助你解决当下困境的建议,7,delayed,high,trust_4,3,0.75,0.25,0.19230769230769232,0.217032967032967,0.4340659340659341,1.3100427262088497,0.6305723429972615,0.041666666666666664
warmup_end,60,你想获得能真实帮助你解决当下困境的建议,8,conditional,moderate,trust_1,2,0.75,0.375,0.2627118644067797,0.3001412429378531,0.6002824858757062,1.5127070412531811,0.8271885420636833,0.041666666666666664
warmup_end,60,你想获得能真实帮助你解决当下困境的建议,9,conditional,moderate,trust_2,2,0.5,0.25,0.3918918918918919,0.34459459459459457,0.6891891891891891,1.5127070412531811,0.9160952453771662,0.041666666666666664
warmup_end,60,你想获得能真实帮助你解决当下困境的建议,10,conditional,moderate,trust_3,5,1.0,0.2,0.3026315789473684,0.24561403508771928,0.49122807017543857,1.0696454068187629,0.651674881198253,0.041666666666666664
warmup_end,60,你想获得能真实帮助你解决当下困境的建议,11,conditional,moderate,trust_4,7,1.25,0.17857142857142858,0.3333333333333333,0.23484848484848483,0.4696969696969697,0.9263400953463893,0.608647983998928,0.041666666666666664
warmup_end,60,你想获得能真实帮助你解决当下困境的建议,12,conditional,high,trust_1,3,1.0,0.3333333333333333,0.34615384615384615,0.34065934065934067,0.6813186813186813,1.3100427262088497,0.8778250902500088,0.041666666666666664
warmup_end,60,你想获得能真实帮助你解决当下困境的建议,13,conditional,high,trust_2,2,1.0,0.5,0.325,0.3833333333333333,0.7666666666666666,1.5127070412531811,0.9935727228546438,0.041666666666666664
warmup_end,60,你想获得能真实帮助你解决当下困境的建议,14,conditional,high,trust_3,7,1.75,0.25,0.3352272727272727,0.2809917355371901,0.5619834710743802,0.9263400953463893,0.7009344853763386,0.041666666666666664
warmup_end,60,你想获得能真实帮助你解决当下困境的建议,15,conditional,high,trust_4,7,3.0,0.42857142857142855,0.30113636363636365,0.38223140495867775,0.7644628099173555,0.9263400953463893,0.9034138242193139,0.041666666666666664
warmup_end,60,你想获得能真实帮助你解决当下困境的建议,16,proactive,moderate,trust_1,5,1.0,0.2,0.2767857142857143,0.23412698412698413,0.46825396825396826,1.0696454068187629,0.6287007792767827,0.041666666666666664
warmup_end,60,你想获得能真实帮助你解决当下困境的建议,17,proactive,moderate,trust_2,4,0.0,0.0,0.2976190476190476,0.1488095238095238,0.29761904761904767,1.1717378356928534,0.4733797229729757,0.041666666666666664
warmup_end,60,你想获得能真实帮助你解决当下困境的建议,18,proactive,moderate,trust_3,3,0.25,0.08333333333333333,0.3333333333333333,0.2261904761904762,0.45238095238095233,1.3100427262088497,0.6488873613122798,0.041666666666666664
warmup_end,60,你想获得能真实帮助你解决当下困境的建议,19,proactive,moderate,trust_4,0,0.0,,0.30303030303030304,0.30303030303030304,0.6060606060606061,2.6200854524176993,0.999073423923261,0.041666666666666664
warmup_end,60,你想获得能真实帮助你解决当下困境的建议,20,proactive,high,trust_1,3,1.5,0.5,0.39814814814814814,0.4417989417989418,0.8835978835978836,1.3100427262088497,1.080104292529211,0.041666666666666664
warmup_end,60,你想获得能真实帮助你解决当下困境的建议,21,proactive,high,trust_2,5,2.0,0.4,0.42105263157894735,0.4093567251461988,0.8187134502923976,1.0696454068187629,0.979160261315212,0.041666666666666664
warmup_end,60,你想获得能真实帮助你解决当下困境的建议,22,proactive,high,trust_3,4,0.25,0.0625,0.4024390243902439,0.23246951219512196,0.4649390243902439,1.1717378356928534,0.640699699744172,0.041666666666666664
warmup_end,60,你想获得能真实帮助你解决当下困境的建议,23,proactive,high,trust_4,7,1.0,0.14285714285714285,0.3581081081081081,0.22113022113022113,0.44226044226044225,0.9263400953463893,0.5812114565624007,0.041666666666666664
warmup_end,60,你认为自己在事件中没有任何责任和错误，你想要对方也认同你没有错,0,delayed,moderate,trust_1,6,1.0,0.16666666666666666,0.31976744186046513,0.22790697674418606,0.45581395348837206,0.9902992172621985,0.6043588360777018,0.041666666666666664
warmup_end,60,你认为自己在事件中没有任何责任和错误，你想要对方也认同你没有错,1,delayed,moderate,trust_2,4,1.25,0.3125,0.23529411764705882,0.27389705882352944,0.5477941176470589,1.1717378356928534,0.7235547930009869,0.041666666666666664
warmup_end,60,你认为自己在事件中没有任何责任和错误，你想要对方也认同你没有错,2,delayed,moderate,trust_3,4,2.5,0.625,0.38636363636363635,0.5056818181818181,0.9886363636363638,1.1717378356928534,1.1643970389902918,0.041666666666666664
warmup_end,60,你认为自己在事件中没有任何责任和错误，你想要对方也认同你没有错,3,delayed,moderate,trust_4,3,0.25,0.08333333333333333,0.3388888888888889,0.22936507936507938,0.45873015873015877,1.3100427262088497,0.6552365676614862,0.041666666666666664
warmup_end,60,你认为自己在事件中没有任何责任和错误，你想要对方也认同你没有错,4,delayed,high,trust_1,3,1.0,0.3333333333333333,0.18125,0.24642857142857144,0.4928571428571429,1.3100427262088497,0.6893635517884703,0.041666666666666664
warmup_end,60,你认为自己在事件中没有任何责任和错误，你想要对方也认同你没有错,5,delayed,high,trust_2,9,2.0,0.2222222222222222,0.25,0.23076923076923078,0.46153846153846156,0.8285437693912652,0.5858200269471513,0.041666666666666664
warmup_end,60,你认为自己在事件中没有任何责任和错误，你想要对方也认同你没有错,6,delayed,high,trust_3,5,1.5,0.3,0.32432432432432434,0.3108108108108108,0.6216216216216216,1.0696454068187629,0.782068432644436,0.041666666666666664
warmup_end,60,你认为自己在事件中没有任何责任和错误，你想要对方也认同你没有错,7,delayed,high,trust_4,3,0.25,0.08333333333333333,0.20512820512820512,0.15293040293040291,0.3058608058608059,1.3100427262088497,0.5023672147921333,0.041666666666666664
warmup_end,60,你认为自己在事件中没有任何责任和错误，你想要对方也认同你没有错,8,conditional,moderate,trust_1,13,2.5,0.19230769230769232,0.2864583333333333,0.21446078431372548,0.428921568627451,0.7002472919298306,0.5339586624169256,0.041666666666666664
warmup_end,60,你认为自己在事件中没有任何责任和错误，你想要对方也认同你没有错,9,conditional,moderate,trust_2,5,1.0,0.2,0.4117647058823529,0.29411764705882354,0.5882352941176471,1.0696454068187629,0.7486821051404615,0.041666666666666664
warmup_end,60,你认为自己在事件中没有任何责任和错误，你想要对方也认同你没有错,10,conditional,moderate,trust_3,2,0.5,0.25,0.2926829268292683,0.2784552845528455,0.556910569105691,1.5127070412531811,0.7838166252936682,0.041666666666666664
warmup_end,60,你认为自己在事件中没有任何责任和错误，你想要对方也认同你没有错,11,conditional,moderate,trust_4,2,0.5,0.25,0.3125,0.2916666666666667,0.5833333333333334,1.5127070412531811,0.8102393895213105,0.041666666666666664
warmup_end,60,你认为自己在事件中没有任何责任和错误，你想要对方也认同你没有错,12,conditional,high,trust_1,3,0.75,0.25,0.3525641025641026,0.3086080586080587,0.6172161172161174,1.3100427262088497,0.8137225261474448,0.041666666666666664
warmup_end,60,你认为自己在事件中没有任何责任和错误，你想要对方也认同你没有错,13,conditional,high,trust_2,7,2.75,0.39285714285714285,0.32142857142857145,0.36688311688311687,0.7337662337662337,0.9263400953463893,0.8727172480681922,0.041666666666666664
warmup_end,60,你认为自己在事件中没有任何责任和错误，你想要对方也认同你没有错,14,conditional,high,trust_3,7,3.75,0.5357142857142857,0.2897727272727273,0.4462809917355372,0.8925619834710744,0.9263400953463893,1.0315129977730328,0.041666666666666664
warmup_end,60,你认为自己在事件中没有任何责任和错误，你想要对方也认同你没有错,15,conditional,high,trust_4,6,2.5,0.4166666666666667,0.3055555555555556,0.37222222222222223,0.7444444444444445,0.9902992172621985,0.8929893270337742,0.041666666666666664
warmup_end,60,你认为自己在事件中没有任何责任和错误，你想要对方也认同你没有错,16,proactive,moderate,trust_1,12,4.25,0.3541666666666667,0.25,0.328125,0.65625,0.7266809572914831,0.7652521435937225,0.041666666666666664
warmup_end,60,你认为自己在事件中没有任何责任和错误，你想要对方也认同你没有错,17,proactive,moderate,trust_2,4,0.75,0.1875,0.27976190476190477,0.23363095238095238,0.46726190476190477,1.1717378356928534,0.6430225801158328,0.041666666666666664
warmup_end,60,你认为自己在事件中没有任何责任和错误，你想要对方也认同你没有错,18,proactive,moderate,trust_3,4,0.5,0.125,0.33620689655172414,0.23060344827586207,0.4612068965517242,1.1717378356928534,0.6369675719056522,0.041666666666666664
warmup_end,60,你认为自己在事件中没有任何责任和错误，你想要对方也认同你没有错,19,proactive,moderate,trust_4,3,0.75,0.25,0.30833333333333335,0.2833333333333333,0.5666666666666667,1.3100427262088497,0.7631730755979941,0.041666666666666664
warmup_end,60,你认为自己在事件中没有任何责任和错误，你想要对方也认同你没有错,20,proactive,high,trust_1,4,2.75,0.6875,0.36538461538461536,0.5264423076923077,0.9471153846153846,1.1717378356928534,1.1228760599693126,0.041666666666666664
warmup_end,60,你认为自己在事件中没有任何责任和错误，你想要对方也认同你没有错,21,proactive,high,trust_2,7,5.0,0.7142857142857143,0.3611111111111111,0.5858585858585859,0.8282828282828283,0.9263400953463893,0.9672338425847866,0.041666666666666664
warmup_end,60,你认为自己在事件中没有任何责任和错误，你想要对方也认同你没有错,22,proactive,high,trust_3,8,3.0,0.375,0.3716216216216216,0.37387387387387383,0.7477477477477477,0.8733618174725665,0.8787520203686326,0.041666666666666664
warmup_end,60,你认为自己在事件中没有任何责任和错误，你想要对方也认同你没有错,23,proactive,high,trust_4,5,1.25,0.25,0.3333333333333333,0.287037037037037,0.574074074074074,1.0696454068187629,0.7345208850968884,0.041666666666666664
adaptive_middle,95,你希望对方引导你针对事件进行自我反思，收获自我成长,0,delayed,moderate,trust_1,10,4.5,0.45,0.29918032786885246,0.4069086651053864,0.8138173302107728,0.8159306297353442,0.9362069246710745,0.04649684665520262
adaptive_middle,95,你希望对方引导你针对事件进行自我反思，收获自我成长,1,delayed,moderate,trust_2,6,0.0,0.0,0.3627450980392157,0.14509803921568626,0.2901960784313725,1.0228231740728675,0.4436195545423026,0.02422472765228416
adaptive_middle,95,你希望对方引导你针对事件进行自我反思，收获自我成长,2,delayed,moderate,trust_3,9,3.75,0.4166666666666667,0.4,0.4115384615384615,0.823076923076923,0.8557552639594728,0.9514402126708439,0.04718561300146095
adaptive_middle,95,你希望对方引导你针对事件进行自我反思，收获自我成长,3,delayed,moderate,trust_4,4,0.5,0.125,0.3790322580645161,0.25201612903225806,0.5040322580645161,1.2102207003636543,0.6855653631190642,0.03516419985083093
adaptive_middle,95,你希望对方引导你针对事件进行自我反思，收获自我成长,4,delayed,high,trust_1,5,2.5,0.5,0.2324561403508772,0.38109161793372315,0.7621832358674463,1.1047752952481233,0.9278995301546648,0.046121231504482656
adaptive_middle,95,你希望对方引导你针对事件进行自我反思，收获自我成长,5,delayed,high,trust_2,9,2.25,0.25,0.25,0.25,0.5,0.8557552639594728,0.6283632895939208,0.03257783352066571
adaptive_middle,95,你希望对方引导你针对事件进行自我反思，收获自我成长,6,delayed,high,trust_3,10,4.0,0.4,0.33695652173913043,0.38198757763975155,0.7639751552795031,0.8159306297353442,0.8863647497398047,0.04424325486874793
adaptive_middle,95,你希望对方引导你针对事件进行自我反思，收获自我成长,7,delayed,high,trust_4,5,0.25,0.05,0.215,0.12333333333333332,0.2466666666666666,1.1047752952481233,0.41238296095388505,0.0228123789567316
adaptive_middle,95,你希望对方引导你针对事件进行自我反思，收获自我成长,8,conditional,moderate,trust_1,7,2.75,0.39285714285714285,0.3069620253164557,0.3616225546605294,0.7232451093210588,0.9567634711583285,0.866759629994808,0.04335681809325186
adaptive_middle,95,你希望对方引导你针对事件进行自我反思，收获自我成长,9,conditional,moderate,trust_2,8,2.75,0.34375,0.3706896551724138,0.3527298850574712,0.7054597701149424,0.9020452512635119,0.8407665578044692,0.04218155288715587
adaptive_middle,95,你希望对方引导你针对事件进行自我反思，收获自我成长,10,conditional,moderate,trust_3,5,1.0,0.2,0.3686440677966102,0.2749529190207156,0.5499058380414312,1.1047752952481233,0.7156221323286497,0.036523203311484294
adaptive_middle,95,你希望对方引导你针对事件进行自我反思，收获自我成长,11,conditional,moderate,trust_4,15,5.75,0.38333333333333336,0.3541666666666667,0.37719298245614036,0.7543859649122807,0.6765339384476339,0.8558660556794258,0.0428642699723857
adaptive_middle,95,你希望对方引导你针对事件进行自我反思，收获自我成长,12,conditional,high,trust_1,4,2.0,0.5,0.3360655737704918,0.4180327868852459,0.8360655737704918,1.2102207003636543,1.01759867882504,0.05017693864355285
adaptive_middle,95,你希望对方引导你针对事件进行自我反思，收获自我成长,13,conditional,high,trust_2,4,1.5,0.375,0.38461538461538464,0.3798076923076923,0.7596153846153846,1.2102207003636543,0.9411484896699327,0.04672027732027723
adaptive_middle,95,你希望对方引导你针对事件进行自我反思，收获自我成长,14,conditional,high,trust_3,9,3.5,0.3888888888888889,0.373134328358209,0.3840413318025258,0.7680826636050516,0.8557552639594728,0.8964459531989726,0.04469907200242012
adaptive_middle,95,你希望对方引导你针对事件进行自我反思，收获自我成长,15,conditional,high,trust_4,6,3.25,0.5416666666666666,0.363013698630137,0.47020547945205476,0.9404109589041095,1.0228231740728675,1.0938344350150397,0.05362390447561891
adaptive_middle,95,你希望对方引导你针对事件进行自我反思，收获自我成长,16,proactive,moderate,trust_1,9,1.75,0.19444444444444445,0.31153846153846154,0.23047337278106508,0.4609467455621301,0.8557552639594728,0.589310035156051,0.030812057979031113
adaptive_middle,95,你希望对方引导你针对事件进行自我反思，收获自我成长,17,proactive,moderate,trust_2,12,4.5,0.375,0.3148148148148148,0.3599537037037037,0.7199074074074074,0.7505470168198591,0.8324894599303863,0.04180730758565294
adaptive_middle,95,你希望对方引导你针对事件进行自我反思，收获自我成长,18,proactive,moderate,trust_3,6,2.0,0.3333333333333333,0.38392857142857145,0.35357142857142854,0.7071428571428571,1.0228231740728675,0.8605663332537872,0.04307679093380532
adaptive_middle,95,你希望对方引导你针对事件进行自我反思，收获自我成长,19,proactive,moderate,trust_4,6,3.0,0.5,0.395,0.458,0.916,1.0228231740728675,1.0694234761109302,0.052520173818567044
adaptive_middle,95,你希望对方引导你针对事件进行自我反思，收获自我成长,20,proactive,high,trust_1,12,6.25,0.5208333333333334,0.4166666666666667,0.4947916666666667,0.9895833333333334,0.7505470168198591,1.1021653858563123,0.0540005847150976
adaptive_middle,95,你希望对方引导你针对事件进行自我反思，收获自我成长,21,proactive,high,trust_2,8,3.25,0.40625,0.39615384615384613,0.40288461538461534,0.8057692307692307,0.9020452512635119,0.9410760184587574,0.046717000566674806
adaptive_middle,95,你希望对方引导你针对事件进行自我反思，收获自我成长,22,proactive,high,trust_3,6,1.0,0.16666666666666666,0.3771186440677966,0.25084745762711863,0.5016949152542373,1.0228231740728675,0.6551183913651674,0.03378755355556757
adaptive_middle,95,你希望对方引导你针对事件进行自我反思，收获自我成长,23,proactive,high,trust_4,12,3.75,0.3125,0.3474576271186441,0.321239406779661,0.642478813559322,0.7505470168198591,0.7550608660823008,0.03830640812905017
adaptive_middle,95,你希望对方深刻共情你的感受，而不是简单的安慰,0,delayed,moderate,trust_1,4,0.75,0.1875,0.3283582089552239,0.25792910447761197,0.5158582089552239,1.2102207003636543,0.6973913140097721,0.03429606411031668
adaptive_middle,95,你希望对方深刻共情你的感受，而不是简单的安慰,1,delayed,moderate,trust_2,7,2.0,0.2857142857142857,0.33,0.3018181818181818,0.6036363636363636,0.9567634711583285,0.7471508843101129,0.03644582686199787
adaptive_middle,95,你希望对方深刻共情你的感受，而不是简单的安慰,2,delayed,moderate,trust_3,9,3.75,0.4166666666666667,0.4,0.4115384615384615,0.823076923076923,0.8557552639594728,0.9514402126708439,0.045271738862947365
adaptive_middle,95,你希望对方深刻共情你的感受，而不是简单的安慰,3,delayed,moderate,trust_4,11,6.0,0.5454545454545454,0.32727272727272727,0.48727272727272725,0.9745454545454545,0.7811941029573182,1.091724569989052,0.05133244405364621
adaptive_middle,95,你希望对方深刻共情你的感受，而不是简单的安慰,4,delayed,high,trust_1,5,1.0,0.2,0.25877192982456143,0.22612085769980508,0.4522417153996101,1.1047752952481233,0.6179580096868286,0.030864307006191305
adaptive_middle,95,你希望对方深刻共情你的感受，而不是简单的安慰,5,delayed,high,trust_2,4,1.0,0.25,0.25,0.25,0.5,1.2102207003636543,0.6815331050545481,0.03361094189735247
adaptive_middle,95,你希望对方深刻共情你的感受，而不是简单的安慰,6,delayed,high,trust_3,3,1.25,0.4166666666666667,0.3443396226415094,0.37533692722371964,0.7506738544474393,1.3530678768952678,0.9536340359817295,0.04536651861303455
adaptive_middle,95,你希望对方深刻共情你的感受，而不是简单的安慰,7,delayed,high,trust_4,7,1.0,0.14285714285714285,0.20833333333333334,0.16666666666666669,0.33333333333333337,0.9567634711583285,0.4768478540070826,0.024767924848281577
adaptive_middle,95,你希望对方深刻共情你的感受，而不是简单的安慰,8,conditional,moderate,trust_1,12,5.25,0.4375,0.2939189189189189,0.4016047297297297,0.8032094594594594,0.7505470168198591,0.9157915119824382,0.04373160802131828
adaptive_middle,95,你希望对方深刻共情你的感受，而不是简单的安慰,9,conditional,moderate,trust_2,14,5.25,0.375,0.36538461538461536,0.37286324786324787,0.7457264957264957,0.6987212471338132,0.8505346827965677,0.04091231718279498
adaptive_middle,95,你希望对方深刻共情你的感受，而不是简单的安慰,10,conditional,moderate,trust_3,12,5.0,0.4166666666666667,0.34134615384615385,0.39783653846153844,0.7956730769230769,0.7505470168198591,0.9082551294460557,0.043406013681147194
adaptive_middle,95,你希望对方深刻共情你的感受，而不是简单的安慰,11,conditional,moderate,trust_4,7,2.75,0.39285714285714285,0.35661764705882354,0.37967914438502676,0.7593582887700535,0.9567634711583285,0.9028728094438028,0.043173481306196346
adaptive_middle,95,你希望对方深刻共情你的感受，而不是简单的安慰,12,conditional,high,trust_1,12,3.75,0.3125,0.35377358490566035,0.32281839622641506,0.6456367924528301,0.7505470168198591,0.7582188449758089,0.036923995974644394
adaptive_middle,95,你希望对方深刻共情你的感受，而不是简单的安慰,13,conditional,high,trust_2,14,5.75,0.4107142857142857,0.37727272727272726,0.40328282828282824,0.8065656565656565,0.6987212471338132,0.9113738436357285,0.04354075149253968
adaptive_middle,95,你希望对方深刻共情你的感受，而不是简单的安慰,14,conditional,high,trust_3,4,1.5,0.375,0.375,0.375,0.75,1.2102207003636543,0.9315331050545481,0.04441169207819995
adaptive_middle,95,你希望对方深刻共情你的感受，而不是简单的安慰,15,conditional,high,trust_4,11,6.5,0.5909090909090909,0.34191176470588236,0.5245098039215687,0.9509803921568627,0.7811941029573182,1.0681595076004604,0.05031436264622516
adaptive_middle,95,你希望对方深刻共情你的感受，而不是简单的安慰,16,proactive,moderate,trust_1,11,4.0,0.36363636363636365,0.2857142857142857,0.3428571428571428,0.6857142857142856,0.7811941029573182,0.8028934011578833,0.038854070857695676
adaptive_middle,95,你希望对方深刻共情你的感受，而不是简单的安慰,17,proactive,moderate,trust_2,6,1.75,0.2916666666666667,0.32916666666666666,0.30666666666666664,0.6133333333333333,1.0228231740728675,0.7667568094442634,0.037292861659751306
adaptive_middle,95,你希望对方深刻共情你的感受，而不是简单的安慰,18,proactive,moderate,trust_3,6,2.25,0.375,0.3794642857142857,0.3767857142857143,0.7535714285714286,1.0228231740728675,0.9069949046823587,0.043351568189769554
adaptive_middle,95,你希望对方深刻共情你的感受，而不是简单的安慰,19,proactive,moderate,trust_4,7,3.0,0.42857142857142855,0.4030612244897959,0.4192949907235622,0.8385899814471244,0.9567634711583285,0.9821045021208736,0.04659652818223924
adaptive_middle,95,你希望对方深刻共情你的感受，而不是简单的安慰,20,proactive,high,trust_1,6,4.25,0.7083333333333334,0.4090909090909091,0.5886363636363636,0.8227272727272728,1.0228231740728675,0.9761507488382029,0.046339308174861135
adaptive_middle,95,你希望对方深刻共情你的感受，而不是简单的安慰,21,proactive,high,trust_2,14,6.0,0.42857142857142855,0.3898305084745763,0.4199623352165725,0.839924670433145,0.6987212471338132,0.944732857503217,0.04498196099278835
adaptive_middle,95,你希望对方深刻共情你的感受，而不是简单的安慰,22,proactive,high,trust_3,11,5.5,0.5,0.3287037037037037,0.454320987654321,0.908641975308642,0.7811941029573182,1.0258210907522396,0.048485215992504285
adaptive_middle,95,你希望对方深刻共情你的感受，而不是简单的安慰,23,proactive,high,trust_4,5,2.25,0.45,0.3333333333333333,0.39814814814814814,0.7962962962962963,1.1047752952481233,0.9620125905835147,0.04572849731355644
adaptive_middle,95,你希望对方用心倾听你的情绪宣泄,0,delayed,moderate,trust_1,10,4.0,0.4,0.3073770491803279,0.37353629976580793,0.7470725995316159,0.8159306297353442,0.8694621939919175,0.04098936766999549
adaptive_middle,95,你希望对方用心倾听你的情绪宣泄,1,delayed,moderate,trust_2,12,6.25,0.5208333333333334,0.2722222222222222,0.45868055555555554,0.9173611111111111,0.7505470168198591,1.0299431636340899,0.0477859170803002
adaptive_middle,95,你希望对方用心倾听你的情绪宣泄,2,delayed,moderate,trust_3,9,5.5,0.6111111111111112,0.37083333333333335,0.5371794871794872,0.9256410256410257,0.8557552639594728,1.0540043152349465,0.04880493389013557
adaptive_middle,95,你希望对方用心倾听你的情绪宣泄,3,delayed,moderate,trust_4,10,3.0,0.3,0.375,0.32142857142857145,0.6428571428571429,0.8159306297353442,0.7652467373174445,0.03657572596416054
adaptive_middle,95,你希望对方用心倾听你的情绪宣泄,4,delayed,high,trust_1,5,1.5,0.3,0.25,0.2777777777777778,0.5555555555555556,1.1047752952481233,0.721271849842774,0.03471334006132982
adaptive_middle,95,你希望对方用心倾听你的情绪宣泄,5,delayed,high,trust_2,7,4.25,0.6071428571428571,0.19791666666666666,0.45833333333333337,0.9166666666666667,0.9567634711583285,1.060181187340416,0.049066531365272746
adaptive_middle,95,你希望对方用心倾听你的情绪宣泄,6,delayed,high,trust_3,5,2.75,0.55,0.3284313725490196,0.4515250544662309,0.9030501089324618,1.1047752952481233,1.0687664032196804,0.04943012490568851
adaptive_middle,95,你希望对方用心倾听你的情绪宣泄,7,delayed,high,trust_4,6,1.25,0.20833333333333334,0.1989795918367347,0.2045918367346939,0.4091836734693878,1.0228231740728675,0.5626071495803179,0.0279937117003507
adaptive_middle,95,你希望对方用心倾听你的情绪宣泄,8,conditional,moderate,trust_1,8,1.5,0.1875,0.3269230769230769,0.23397435897435895,0.46794871794871784,0.9020452512635119,0.6032555056382446,0.02971521525937928
adaptive_middle,95,你希望对方用心倾听你的情绪宣泄,9,conditional,moderate,trust_2,7,2.25,0.32142857142857145,0.3728813559322034,0.3401386748844376,0.6802773497688752,0.9567634711583285,0.8237918704426245,0.039055178144100436
adaptive_middle,95,你希望对方用心倾听你的情绪宣泄,10,conditional,moderate,trust_3,6,2.5,0.4166666666666667,0.34913793103448276,0.3896551724137931,0.7793103448275862,1.0228231740728675,0.9327338209385163,0.04366899217483098
adaptive_middle,95,你希望对方用心倾听你的情绪宣泄,11,conditional,moderate,trust_4,8,3.5,0.4375,0.35074626865671643,0.4085820895522388,0.8171641791044776,0.9020452512635119,0.9524709667940043,0.04450488248210118
adaptive_middle,95,你希望对方用心倾听你的情绪宣泄,12,conditional,high,trust_1,11,2.75,0.25,0.36574074074074076,0.28086419753086417,0.5617283950617283,0.7811941029573182,0.678907510505326,0.03291916268201882
adaptive_middle,95,你希望对方用心倾听你的情绪宣泄,13,conditional,high,trust_2,10,4.75,0.475,0.3686440677966102,0.44461259079903154,0.8892251815980631,0.8159306297353442,1.0116147760583647,0.04700968926931808
adaptive_middle,95,你希望对方用心倾听你的情绪宣泄,14,conditional,high,trust_3,11,5.25,0.4772727272727273,0.3576923076923077,0.4453846153846154,0.8907692307692308,0.7811941029573182,1.0079483462128285,0.04685441184508413
adaptive_middle,95,你希望对方用心倾听你的情绪宣泄,15,conditional,high,trust_4,11,4.0,0.36363636363636365,0.3786764705882353,0.3676470588235294,0.7352941176470588,0.7811941029573182,0.8524732330906565,0.0402698660839033
adaptive_middle,95,你希望对方用心倾听你的情绪宣泄,16,proactive,moderate,trust_1,5,1.0,0.2,0.30434782608695654,0.2463768115942029,0.49275362318840576,1.1047752952481233,0.6584699174756242,0.03205360764976928
adaptive_middle,95,你希望对方用心倾听你的情绪宣泄,17,proactive,moderate,trust_2,7,1.75,0.25,0.3347457627118644,0.2808166409861325,0.561633281972265,0.9567634711583285,0.7051478026460143,0.034030468542599515
adaptive_middle,95,你希望对方用心倾听你的情绪宣泄,18,proactive,moderate,trust_3,13,7.0,0.5384615384615384,0.336734693877551,0.49099639855942373,0.9819927971188475,0.7232452023416732,1.0904795774700984,0.050349702236113236
adaptive_middle,95,你希望对方用心倾听你的情绪宣泄,19,proactive,moderate,trust_4,6,2.5,0.4166666666666667,0.405,0.41200000000000003,0.8240000000000001,1.0228231740728675,0.9774234761109302,0.045561649292905695
adaptive_middle,95,你希望对方用心倾听你的情绪宣泄,20,proactive,high,trust_1,4,1.75,0.4375,0.4338235294117647,0.43566176470588236,0.8713235294117647,1.2102207003636543,1.0528566344663128,0.04875632831983857
adaptive_middle,95,你希望对方用心倾听你的情绪宣泄,21,proactive,high,trust_2,10,2.25,0.225,0.4246031746031746,0.2820294784580499,0.5640589569160998,0.8159306297353442,0.6864485513764014,0.03323853423741053
adaptive_middle,95,你希望对方用心倾听你的情绪宣泄,22,proactive,high,trust_3,8,4.0,0.5,0.33771929824561403,0.44590643274853803,0.8918128654970761,0.9020452512635119,1.027119653186603,0.04766633823983304
adaptive_middle,95,你希望对方用心倾听你的情绪宣泄,23,proactive,high,trust_4,7,3.75,0.5357142857142857,0.3203125,0.45738636363636365,0.9147727272727273,0.9567634711583285,1.0582872479464767,0.048986320903560476
adaptive_middle,95,你希望对方真诚地夸奖你在事件中的具体行为,0,delayed,moderate,trust_1,5,2.0,0.4,0.3143939393939394,0.36195286195286197,0.7239057239057239,1.1047752952481233,0.8896220181929424,0.03899537423869319
adaptive_middle,95,你希望对方真诚地夸奖你在事件中的具体行为,1,delayed,moderate,trust_2,6,3.75,0.625,0.28921568627450983,0.49068627450980395,0.9813725490196079,1.0228231740728675,1.134796025130538,0.048593938142537076
adaptive_middle,95,你希望对方真诚地夸奖你在事件中的具体行为,2,delayed,moderate,trust_3,3,2.25,0.75,0.38636363636363635,0.5422077922077922,0.9155844155844155,1.3530678768952678,1.1185445971187056,0.04795769463430907
adaptive_middle,95,你希望对方真诚地夸奖你在事件中的具体行为,3,delayed,moderate,trust_4,8,4.5,0.5625,0.33620689655172414,0.4870689655172414,0.9741379310344828,0.9020452512635119,1.1094447187240095,0.047601434338286217
adaptive_middle,95,你希望对方真诚地夸奖你在事件中的具体行为,4,delayed,high,trust_1,11,3.25,0.29545454545454547,0.24509803921568626,0.28202614379084967,0.5640522875816993,0.7811941029573182,0.681231403025297,0.03083688035252398
adaptive_middle,95,你希望对方真诚地夸奖你在事件中的具体行为,5,delayed,high,trust_2,4,0.0,0.0,0.2696078431372549,0.13480392156862744,0.26960784313725483,1.2102207003636543,0.45114094819180295,0.021828837607821693
adaptive_middle,95,你希望对方真诚地夸奖你在事件中的具体行为,6,delayed,high,trust_3,5,1.75,0.35,0.3480392156862745,0.3491285403050109,0.6982570806100218,1.1047752952481233,0.8639733748972402,0.03799122969337295
adaptive_middle,95,你希望对方真诚地夸奖你在事件中的具体行为,7,delayed,high,trust_4,7,2.25,0.32142857142857145,0.18229166666666666,0.2708333333333333,0.5416666666666666,0.9567634711583285,0.6851811873404159,0.030991514433145413
adaptive_middle,95,你希望对方真诚地夸奖你在事件中的具体行为,8,conditional,moderate,trust_1,13,5.25,0.40384615384615385,0.2979452054794521,0.37892828364222403,0.7578565672844481,0.7232452023416732,0.866343347635699,0.038084014140894976
adaptive_middle,95,你希望对方真诚地夸奖你在事件中的具体行为,9,conditional,moderate,trust_2,6,3.5,0.5833333333333334,0.3458333333333333,0.4883333333333333,0.9766666666666666,1.0228231740728675,1.1300901427775967,0.04840970281900959
adaptive_middle,95,你希望对方真诚地夸奖你在事件中的具体行为,10,conditional,moderate,trust_3,7,4.0,0.5714285714285714,0.32894736842105265,0.48325358851674644,0.9665071770334929,0.9567634711583285,1.1100216977072421,0.047624023069085655
adaptive_middle,95,你希望对方真诚地夸奖你在事件中的具体行为,11,conditional,moderate,trust_4,8,3.75,0.46875,0.34701492537313433,0.4281716417910448,0.8563432835820896,0.9020452512635119,0.9916500712716163,0.04298977315435677
adaptive_middle,95,你希望对方真诚地夸奖你在事件中的具体行为,12,conditional,high,trust_1,9,5.75,0.6388888888888888,0.29910714285714285,0.5343406593406593,0.9313186813186813,0.8557552639594728,1.0596819709126022,0.04565322245047285
adaptive_middle,95,你希望对方真诚地夸奖你在事件中的具体行为,13,conditional,high,trust_2,8,3.5,0.4375,0.3770491803278688,0.4173497267759563,0.8346994535519126,0.9020452512635119,0.9700062412414393,0.04214241707341028
adaptive_middle,95,你希望对方真诚地夸奖你在事件中的具体行为,14,conditional,high,trust_3,7,4.25,0.6071428571428571,0.35144927536231885,0.514163372859025,0.97167325428195,0.9567634711583285,1.1151877749556993,0.04782627502564862
adaptive_middle,95,你希望对方真诚地夸奖你在事件中的具体行为,15,conditional,high,trust_4,6,2.25,0.375,0.3767123287671233,0.3756849315068493,0.7513698630136986,1.0228231740728675,0.9047933391246287,0.03958933154798324
adaptive_middle,95,你希望对方真诚地夸奖你在事件中的具体行为,16,proactive,moderate,trust_1,6,2.25,0.375,0.29044117647058826,0.3411764705882353,0.6823529411764706,1.0228231740728675,0.8357764172874007,0.03688731862672831
adaptive_middle,95,你希望对方真诚地夸奖你在事件中的具体行为,17,proactive,moderate,trust_2,5,3.0,0.6,0.30327868852459017,0.4681238615664845,0.936247723132969,1.1047752952481233,1.1019640174201875,0.047308564835490265
adaptive_middle,95,你希望对方真诚地夸奖你在事件中的具体行为,18,proactive,moderate,trust_3,2,1.25,0.625,0.37083333333333335,0.45555555555555555,0.9111111111111111,1.5623882059146363,1.1454693419983064,0.04901179856461406
adaptive_middle,95,你希望对方真诚地夸奖你在事件中的具体行为,19,proactive,moderate,trust_4,4,1.75,0.4375,0.40384615384615385,0.4206730769230769,0.8413461538461539,1.2102207003636543,1.022879258900702,0.0442123960452051
adaptive_middle,95,你希望对方真诚地夸奖你在事件中的具体行为,20,proactive,high,trust_1,6,3.0,0.5,0.42803030303030304,0.4712121212121212,0.9424242424242424,1.0228231740728675,1.0958477185351725,0.04706911169591757
adaptive_middle,95,你希望对方真诚地夸奖你在事件中的具体行为,21,proactive,high,trust_2,3,0.75,0.25,0.4035714285714286,0.3377551020408163,0.6755102040816326,1.3530678768952678,0.8784703856159228,0.03855878775360975
adaptive_middle,95,你希望对方真诚地夸奖你在事件中的具体行为,22,proactive,high,trust_3,6,2.25,0.375,0.3559322033898305,0.36737288135593216,0.7347457627118643,1.0228231740728675,0.8881692388227944,0.03893849791727262
adaptive_middle,95,你希望对方真诚地夸奖你在事件中的具体行为,23,proactive,high,trust_4,8,3.5,0.4375,0.32936507936507936,0.40145502645502645,0.8029100529100529,0.9020452512635119,0.9382168405995797,0.040897861839610763
adaptive_middle,95,你希望对方辩证地分析事件中的问题,0,delayed,moderate,trust_1,7,3.5,0.5,0.30078125,0.4275568181818182,0.8551136363636364,0.9567634711583285,0.9986281570373856,0.05508442853491614
adaptive_middle,95,你希望对方辩证地分析事件中的问题,1,delayed,moderate,trust_2,5,0.25,0.05,0.35096153846153844,0.18376068376068375,0.36752136752136755,1.1047752952481233,0.533237661808586,0.03135523339374651
adaptive_middle,95,你希望对方辩证地分析事件中的问题,2,delayed,moderate,trust_3,9,2.75,0.3055555555555556,0.4166666666666667,0.33974358974358976,0.6794871794871795,0.8557552639594728,0.8078504690811004,0.04535711129808633
adaptive_middle,95,你希望对方辩证地分析事件中的问题,3,delayed,moderate,trust_4,8,1.0,0.125,0.39655172413793105,0.21551724137931036,0.4310344827586208,0.9020452512635119,0.5663412704481475,0.03304311055784476
adaptive_middle,95,你希望对方辩证地分析事件中的问题,4,delayed,high,trust_1,7,1.5,0.21428571428571427,0.2590909090909091,0.2305785123966942,0.4611570247933884,0.9567634711583285,0.6046715454671376,0.03499748346632703
adaptive_middle,95,你希望对方辩证地分析事件中的问题,5,delayed,high,trust_2,7,0.25,0.03571428571428571,0.28125,0.125,0.25,0.9567634711583285,0.39351452067374926,0.02423107053327442
adaptive_middle,95,你希望对方辩证地分析事件中的问题,6,delayed,high,trust_3,9,2.75,0.3055555555555556,0.35638297872340424,0.3211947626841244,0.6423895253682488,0.8557552639594728,0.7707528149621696,0.04346558690536117
adaptive_middle,95,你希望对方辩证地分析事件中的问题,7,delayed,high,trust_4,6,1.5,0.25,0.19387755102040816,0.22755102040816327,0.45510204081632655,1.0228231740728675,0.6085255169272566,0.035193988641622244
adaptive_middle,95,你希望对方辩证地分析事件中的问题,8,conditional,moderate,trust_1,7,0.5,0.07142857142857142,0.33544303797468356,0.167433831990794,0.33486766398158796,0.9567634711583285,0.4783821846553372,0.02855827828770922
adaptive_middle,95,你希望对方辩证地分析事件中的问题,9,conditional,moderate,trust_2,6,2.5,0.4166666666666667,0.3625,0.395,0.79,1.0228231740728675,0.9434234761109301,0.05226966832850958
adaptive_middle,95,你希望对方辩证地分析事件中的问题,10,conditional,moderate,trust_3,8,2.75,0.34375,0.35714285714285715,0.34821428571428575,0.6964285714285715,0.9020452512635119,0.8317353591180983,0.04657494712074245
adaptive_middle,95,你希望对方辩证地分析事件中的问题,11,conditional,moderate,trust_4,8,3.5,0.4375,0.35074626865671643,0.4085820895522388,0.8171641791044776,0.9020452512635119,0.9524709667940043,0.052730979150620444
adaptive_middle,95,你希望对方辩证地分析事件中的问题,12,conditional,high,trust_1,9,3.0,0.3333333333333333,0.3482142857142857,0.3379120879120879,0.6758241758241758,0.8557552639594728,0.8041874654180967,0.045170343133258434
adaptive_middle,95,你希望对方辩证地分析事件中的问题,13,conditional,high,trust_2,6,0.5,0.08333333333333333,0.4126984126984127,0.21507936507936506,0.4301587301587302,1.0228231740728675,0.5835822062696603,0.03392218637636556
adaptive_middle,95,你希望对方辩证地分析事件中的问题,14,conditional,high,trust_3,11,3.75,0.3409090909090909,0.38076923076923075,0.3515384615384615,0.703076923076923,0.7811941029573182,0.8202560385205208,0.04598964286261821
adaptive_middle,95,你希望对方辩证地分析事件中的问题,15,conditional,high,trust_4,12,2.0,0.16666666666666666,0.4141791044776119,0.228544776119403,0.457089552238806,0.7505470168198591,0.5696716047617849,0.033212916674694615
adaptive_middle,95,你希望对方辩证地分析事件中的问题,16,proactive,moderate,trust_1,8,1.75,0.21875,0.3068181818181818,0.24810606060606064,0.4962121212121213,0.9020452512635119,0.6315189089016481,0.03636636902048988
adaptive_middle,95,你希望对方辩证地分析事件中的问题,17,proactive,moderate,trust_2,6,1.75,0.2916666666666667,0.32916666666666666,0.30666666666666664,0.6133333333333333,1.0228231740728675,0.7667568094442634,0.043261839738859685
adaptive_middle,95,你希望对方辩证地分析事件中的问题,18,proactive,moderate,trust_3,11,5.5,0.5,0.35294117647058826,0.4607843137254902,0.9215686274509804,0.7811941029573182,1.0387477428945782,0.057130034303723674
adaptive_middle,95,你希望对方辩证地分析事件中的问题,19,proactive,moderate,trust_4,9,2.5,0.2777777777777778,0.4308510638297872,0.3248772504091653,0.6497545008183306,0.8557552639594728,0.7781177904122516,0.04384111013038749
adaptive_middle,95,你希望对方辩证地分析事件中的问题,20,proactive,high,trust_1,10,3.0,0.3,0.45564516129032256,0.3444700460829493,0.6889400921658986,0.8159306297353442,0.8113296866262002,0.04553450862981668
adaptive_middle,95,你希望对方辩证地分析事件中的问题,21,proactive,high,trust_2,7,1.5,0.21428571428571427,0.4166666666666667,0.2878787878787879,0.5757575757575758,0.9567634711583285,0.7192720964313251,0.04084070300990158
adaptive_middle,95,你希望对方辩证地分析事件中的问题,22,proactive,high,trust_3,9,2.75,0.3055555555555556,0.36607142857142855,0.3241758241758242,0.6483516483516484,0.8557552639594728,0.7767149379455693,0.043769581897049145
adaptive_middle,95,你希望对方辩证地分析事件中的问题,23,proactive,high,trust_4,11,4.25,0.38636363636363635,0.3333333333333333,0.3722222222222222,0.7444444444444444,0.7811941029573182,0.8616235598880421,0.04809887800407469
adaptive_middle,95,你想分析事件中其他人物这么做的原因,0,delayed,moderate,trust_1,15,3.0,0.2,0.35267857142857145,0.23214285714285712,0.4642857142857142,0.6765339384476339,0.5657658050528592,0.0366660450499133
adaptive_middle,95,你想分析事件中其他人物这么做的原因,1,delayed,moderate,trust_2,4,0.5,0.125,0.33962264150943394,0.23231132075471697,0.4646226415094339,1.2102207003636543,0.646155746563982,0.04128389770916504
adaptive_middle,95,你想分析事件中其他人物这么做的原因,2,delayed,moderate,trust_3,11,3.5,0.3181818181818182,0.41810344827586204,0.3448275862068966,0.6896551724137931,0.7811941029573182,0.8068342878573909,0.05051378163803685
adaptive_middle,95,你想分析事件中其他人物这么做的原因,3,delayed,moderate,trust_4,10,2.0,0.2,0.39285714285714285,0.25510204081632654,0.5102040816326531,0.8159306297353442,0.6325936760929547,0.04050484945993938
adaptive_middle,95,你想分析事件中其他人物这么做的原因,4,delayed,high,trust_1,12,2.5,0.20833333333333334,0.265,0.2225,0.44500000000000006,0.7505470168198591,0.5575820525229789,0.036195944404578996
adaptive_middle,95,你想分析事件中其他人物这么做的原因,5,delayed,high,trust_2,7,1.75,0.25,0.25,0.25,0.5,0.9567634711583285,0.6435145206737493,0.041132177335053206
adaptive_middle,95,你想分析事件中其他人物这么做的原因,6,delayed,high,trust_3,6,0.75,0.125,0.375,0.225,0.44999999999999996,1.0228231740728675,0.6034234761109301,0.038829220854845053
adaptive_middle,95,你想分析事件中其他人物这么做的原因,7,delayed,high,trust_4,11,1.25,0.11363636363636363,0.2215909090909091,0.14242424242424243,0.2848484848484849,0.7811941029573182,0.4020276002920826,0.027260404368223783
adaptive_middle,95,你想分析事件中其他人物这么做的原因,8,conditional,moderate,trust_1,15,4.25,0.2833333333333333,0.3204225352112676,0.2911415863602668,0.5822831727205336,0.6765339384476339,0.6837632634876787,0.043444192501890064
adaptive_middle,95,你想分析事件中其他人物这么做的原因,9,conditional,moderate,trust_2,5,2.0,0.4,0.36475409836065575,0.3843351548269581,0.7686703096539163,1.1047752952481233,0.9343866039411347,0.05784079035267236
adaptive_middle,95,你想分析事件中其他人物这么做的原因,10,conditional,moderate,trust_3,12,2.75,0.22916666666666666,0.38461538461538464,0.26802884615384615,0.5360576923076923,0.7505470168198591,0.6486397448306711,0.04142658643098504
adaptive_middle,95,你想分析事件中其他人物这么做的原因,11,conditional,moderate,trust_4,6,0.25,0.041666666666666664,0.38768115942028986,0.18007246376811595,0.36014492753623184,1.0228231740728675,0.5135684036471619,0.03366766111833675
adaptive_middle,95,你想分析事件中其他人物这么做的原因,12,conditional,high,trust_1,6,1.5,0.25,0.3559322033898305,0.2923728813559322,0.5847457627118644,1.0228231740728675,0.7381692388227945,0.04656944390968823
adaptive_middle,95,你想分析事件中其他人物这么做的原因,13,conditional,high,trust_2,8,2.0,0.25,0.4016393442622951,0.3005464480874317,0.6010928961748634,0.9020452512635119,0.7363996838643901,0.046467795072573086
adaptive_middle,95,你想分析事件中其他人物这么做的原因,14,conditional,high,trust_3,9,1.0,0.1111111111111111,0.41044776119402987,0.20321469575200918,0.40642939150401836,0.8557552639594728,0.5347926810979393,0.0348868507859049
adaptive_middle,95,你想分析事件中其他人物这么做的原因,15,conditional,high,trust_4,7,0.75,0.10714285714285714,0.4027777777777778,0.21464646464646464,0.4292929292929293,0.9567634711583285,0.5728074499666785,0.03707053941922799
adaptive_middle,95,你想分析事件中其他人物这么做的原因,16,proactive,moderate,trust_1,10,2.25,0.225,0.30859375,0.24888392857142858,0.4977678571428572,0.8159306297353442,0.6201574516031588,0.03979047336696375
adaptive_middle,95,你想分析事件中其他人物这么做的原因,17,proactive,moderate,trust_2,10,3.0,0.3,0.33035714285714285,0.3086734693877551,0.6173469387755102,0.8159306297353442,0.7397365332358118,0.04665947426096023
adaptive_middle,95,你想分析事件中其他人物这么做的原因,18,proactive,moderate,trust_3,8,1.0,0.125,0.4166666666666667,0.22222222222222224,0.4444444444444444,0.9020452512635119,0.5797512321339712,0.03746941224266525
adaptive_middle,95,你想分析事件中其他人物这么做的原因,19,proactive,moderate,trust_4,9,2.5,0.2777777777777778,0.4308510638297872,0.3248772504091653,0.6497545008183306,0.8557552639594728,0.7781177904122516,0.048864215142543334
adaptive_middle,95,你想分析事件中其他人物这么做的原因,20,proactive,high,trust_1,10,1.75,0.175,0.47580645161290325,0.2609447004608295,0.521889400921659,0.8159306297353442,0.6442789953819607,0.04117609118170971
adaptive_middle,95,你想分析事件中其他人物这么做的原因,21,proactive,high,trust_2,5,1.0,0.2,0.4117647058823529,0.29411764705882354,0.5882352941176471,1.1047752952481233,0.7539515884048655,0.04747603201781272
adaptive_middle,95,你想分析事件中其他人物这么做的原因,22,proactive,high,trust_3,5,0.5,0.1,0.37916666666666665,0.22407407407407406,0.4481481481481482,1.1047752952481233,0.6138644424353666,0.03942898300419039
adaptive_middle,95,你想分析事件中其他人物这么做的原因,23,proactive,high,trust_4,7,1.75,0.25,0.3515625,0.2869318181818182,0.5738636363636364,0.9567634711583285,0.7173781570373856,0.04537513837212061
adaptive_middle,95,你想获得能真实帮助你解决当下困境的建议,0,delayed,moderate,trust_1,10,2.0,0.2,0.3401639344262295,0.24004683840749413,0.48009367681498827,0.8159306297353442,0.6024832712752899,0.03602280157030325
adaptive_middle,95,你想获得能真实帮助你解决当下困境的建议,1,delayed,moderate,trust_2,7,1.5,0.21428571428571427,0.34,0.26,0.52,0.9567634711583285,0.6635145206737493,0.03924981185734315
adaptive_middle,95,你想获得能真实帮助你解决当下困境的建议,2,delayed,moderate,trust_3,8,1.75,0.21875,0.4262295081967213,0.2879098360655738,0.5758196721311476,0.9020452512635119,0.7111264598206744,0.04176727985820179
adaptive_middle,95,你想获得能真实帮助你解决当下困境的建议,3,delayed,moderate,trust_4,6,3.25,0.5416666666666666,0.3458333333333333,0.46333333333333326,0.9266666666666665,1.0228231740728675,1.0800901427775966,0.061276131670699216
adaptive_middle,95,你想获得能真实帮助你解决当下困境的建议,4,delayed,high,trust_1,10,0.5,0.05,0.2932692307692308,0.11950549450549451,0.23901098901098905,0.8159306297353442,0.36140058347129067,0.023275621703617237
adaptive_middle,95,你想获得能真实帮助你解决当下困境的建议,5,delayed,high,trust_2,4,0.25,0.0625,0.2647058823529412,0.1636029411764706,0.3272058823529411,1.2102207003636543,0.5087389874074892,0.031066098711124725
adaptive_middle,95,你想获得能真实帮助你解决当下困境的建议,6,delayed,high,trust_3,8,1.75,0.21875,0.3697916666666667,0.26909722222222227,0.5381944444444445,0.9020452512635119,0.6735012321339713,0.0397778564399705
adaptive_middle,95,你想获得能真实帮助你解决当下困境的建议,7,delayed,high,trust_4,5,0.75,0.15,0.205,0.17444444444444443,0.3488888888888888,1.1047752952481233,0.5146051831761073,0.03137627217599235
adaptive_middle,95,你想获得能真实帮助你解决当下困境的建议,8,conditional,moderate,trust_1,5,1.75,0.35,0.3117283950617284,0.33299039780521267,0.6659807956104253,1.1047752952481233,0.8316970898976438,0.04814241828987684
adaptive_middle,95,你想获得能真实帮助你解决当下困境的建议,9,conditional,moderate,trust_2,7,1.0,0.14285714285714285,0.3940677966101695,0.2342064714946071,0.4684129429892142,0.9567634711583285,0.6119274636629635,0.036522160608307416
adaptive_middle,95,你想获得能真实帮助你解决当下困境的建议,10,conditional,moderate,trust_3,6,1.0,0.16666666666666666,0.375,0.25,0.5,1.0228231740728675,0.6534234761109301,0.03871625069102009
adaptive_middle,95,你想获得能真实帮助你解决当下困境的建议,11,conditional,moderate,trust_4,12,3.75,0.3125,0.36904761904761907,0.32663690476190477,0.6532738095238095,0.7505470168198591,0.7658558620467883,0.04466108173392864
adaptive_middle,95,你想获得能真实帮助你解决当下困境的建议,12,conditional,high,trust_1,5,1.0,0.2,0.35833333333333334,0.27037037037037037,0.5407407407407407,1.1047752952481233,0.7064570350279592,0.041520385324841126
adaptive_middle,95,你想获得能真实帮助你解决当下困境的建议,13,conditional,high,trust_2,4,1.75,0.4375,0.38076923076923075,0.4091346153846154,0.8182692307692307,1.2102207003636543,0.9998023358237789,0.05703093627461113
adaptive_middle,95,你想获得能真实帮助你解决当下困境的建议,14,conditional,high,trust_3,9,1.75,0.19444444444444445,0.39925373134328357,0.2574626865671642,0.5149253731343284,0.8557552639594728,0.6432886627282492,0.03818037526055633
adaptive_middle,95,你想获得能真实帮助你解决当下困境的建议,15,conditional,high,trust_4,9,3.25,0.3611111111111111,0.37857142857142856,0.36648351648351646,0.7329670329670329,0.8557552639594728,0.8613303225609539,0.04970926720064422
adaptive_middle,95,你想获得能真实帮助你解决当下困境的建议,16,proactive,moderate,trust_1,7,1.0,0.14285714285714285,0.31343283582089554,0.20488466757123475,0.4097693351424695,0.9567634711583285,0.5532838558162188,0.03342139620227256
adaptive_middle,95,你想获得能真实帮助你解决当下困境的建议,17,proactive,moderate,trust_2,8,0.75,0.09375,0.3577586206896552,0.18175287356321843,0.3635057471264369,0.9020452512635119,0.49881253481596366,0.030541240299370245
adaptive_middle,95,你想获得能真实帮助你解决当下困境的建议,18,proactive,moderate,trust_3,7,1.75,0.25,0.39545454545454545,0.3028925619834711,0.6057851239669422,0.9567634711583285,0.7492996446406914,0.04378567635700229
adaptive_middle,95,你想获得能真实帮助你解决当下困境的建议,19,proactive,moderate,trust_4,5,2.5,0.5,0.39705882352941174,0.45424836601307184,0.9084967320261437,1.1047752952481233,1.0742130263133622,0.06096538077709725
adaptive_middle,95,你想获得能真实帮助你解决当下困境的建议,20,proactive,high,trust_1,9,3.0,0.3333333333333333,0.44841269841269843,0.3687423687423687,0.7374847374847374,0.8557552639594728,0.8658480270786584,0.049948139566786655
adaptive_middle,95,你想获得能真实帮助你解决当下困境的建议,21,proactive,high,trust_2,9,3.25,0.3611111111111111,0.40234375,0.3737980769230769,0.7475961538461539,0.8557552639594728,0.8759594434400748,0.05048277788627776
adaptive_middle,95,你想获得能真实帮助你解决当下困境的建议,22,proactive,high,trust_3,6,1.25,0.20833333333333334,0.3728813559322034,0.27415254237288134,0.5483050847457627,1.0228231740728675,0.7017285608566928,0.041270368572061615
adaptive_middle,95,你想获得能真实帮助你解决当下困境的建议,23,proactive,high,trust_4,9,1.0,0.1111111111111111,0.375,0.19230769230769232,0.3846153846153846,0.8557552639594728,0.5129786742093054,0.031290270968093684
adaptive_middle,95,你认为自己在事件中没有任何责任和错误，你想要对方也认同你没有错,0,delayed,moderate,trust_1,6,1.0,0.16666666666666666,0.3346153846153846,0.23384615384615381,0.46769230769230763,1.0228231740728675,0.6211157838032377,0.03231211936605449
adaptive_middle,95,你认为自己在事件中没有任何责任和错误，你想要对方也认同你没有错,1,delayed,moderate,trust_2,6,2.25,0.375,0.31862745098039214,0.35245098039215683,0.7049019607843137,1.0228231740728675,0.8583254368952438,0.04306111857850124
adaptive_middle,95,你认为自己在事件中没有任何责任和错误，你想要对方也认同你没有错,2,delayed,moderate,trust_3,7,2.5,0.35714285714285715,0.40725806451612906,0.375366568914956,0.750733137829912,0.9567634711583285,0.8942476585036613,0.04468891039365327
adaptive_middle,95,你认为自己在事件中没有任何责任和错误，你想要对方也认同你没有错,3,delayed,moderate,trust_4,5,1.75,0.35,0.36475409836065575,0.35655737704918034,0.7131147540983607,1.1047752952481233,0.8788310483855791,0.04399031685895597
adaptive_middle,95,你认为自己在事件中没有任何责任和错误，你想要对方也认同你没有错,4,delayed,high,trust_1,3,1.0,0.3333333333333333,0.25,0.2857142857142857,0.5714285714285714,1.3530678768952678,0.7743887529628616,0.03925758302367026
adaptive_middle,95,你认为自己在事件中没有任何责任和错误，你想要对方也认同你没有错,5,delayed,high,trust_2,9,2.0,0.2222222222222222,0.2554347826086957,0.23244147157190637,0.46488294314381273,0.8557552639594728,0.5932462327377337,0.031049229013366552
adaptive_middle,95,你认为自己在事件中没有任何责任和错误，你想要对方也认同你没有错,6,delayed,high,trust_3,6,2.5,0.4166666666666667,0.34,0.386,0.772,1.0228231740728675,0.9254234761109301,0.046101622037297625
adaptive_middle,95,你认为自己在事件中没有任何责任和错误，你想要对方也认同你没有错,7,delayed,high,trust_4,4,0.75,0.1875,0.20098039215686275,0.19424019607843138,0.3884803921568627,1.2102207003636543,0.5700134972114108,0.029996452903203078
adaptive_middle,95,你认为自己在事件中没有任何责任和错误，你想要对方也认同你没有错,8,conditional,moderate,trust_1,15,3.75,0.25,0.3274647887323944,0.2663083765752409,0.5326167531504818,0.6765339384476339,0.6340968439176269,0.0329003475562967
adaptive_middle,95,你认为自己在事件中没有任何责任和错误，你想要对方也认同你没有错,9,conditional,moderate,trust_2,9,3.0,0.3333333333333333,0.37280701754385964,0.34547908232118757,0.6909581646423751,0.8557552639594728,0.8193214542362961,0.04129367879087718
adaptive_middle,95,你认为自己在事件中没有任何责任和错误，你想要对方也认同你没有错,10,conditional,moderate,trust_3,4,1.75,0.4375,0.35,0.39375,0.7875,1.2102207003636543,0.9690331050545481,0.04807776365320491
adaptive_middle,95,你认为自己在事件中没有任何责任和错误，你想要对方也认同你没有错,11,conditional,moderate,trust_4,7,1.75,0.25,0.3713235294117647,0.29411764705882354,0.5882352941176471,0.9567634711583285,0.7317498147913963,0.03732542762084238
adaptive_middle,95,你认为自己在事件中没有任何责任和错误，你想要对方也认同你没有错,12,conditional,high,trust_1,5,0.75,0.15,0.3625,0.24444444444444446,0.48888888888888893,1.1047752952481233,0.6546051831761074,0.033829669443768515
adaptive_middle,95,你认为自己在事件中没有任何责任和错误，你想要对方也认同你没有错,13,conditional,high,trust_2,11,4.75,0.4318181818181818,0.375,0.4166666666666667,0.8333333333333334,0.7811941029573182,0.9505124487769311,0.04723851231099716
adaptive_middle,95,你认为自己在事件中没有任何责任和错误，你想要对方也认同你没有错,14,conditional,high,trust_3,12,5.5,0.4583333333333333,0.359375,0.43359375,0.8671875,0.7505470168198591,0.9797695525229788,0.04856427869961357
adaptive_middle,95,你认为自己在事件中没有任何责任和错误，你想要对方也认同你没有错,15,conditional,high,trust_4,13,5.75,0.4423076923076923,0.36363636363636365,0.4237967914438503,0.8475935828877006,0.7232452023416732,0.9560803632389516,0.04749081868802312
adaptive_middle,95,你认为自己在事件中没有任何责任和错误，你想要对方也认同你没有错,16,proactive,moderate,trust_1,14,6.0,0.42857142857142855,0.26666666666666666,0.3925925925925926,0.7851851851851852,0.6987212471338132,0.8899933722552572,0.04449613021402085
adaptive_middle,95,你认为自己在事件中没有任何责任和错误，你想要对方也认同你没有错,17,proactive,moderate,trust_2,8,3.0,0.375,0.31896551724137934,0.35632183908045983,0.7126436781609197,0.9020452512635119,0.8479504658504464,0.04259098359817466
adaptive_middle,95,你认为自己在事件中没有任何责任和错误，你想要对方也认同你没有错,18,proactive,moderate,trust_3,5,0.75,0.15,0.3991228070175439,0.26072124756335285,0.5214424951267057,1.1047752952481233,0.6871587894139242,0.03530481467184602
adaptive_middle,95,你认为自己在事件中没有任何责任和错误，你想要对方也认同你没有错,19,proactive,moderate,trust_4,6,3.0,0.5,0.395,0.458,0.916,1.0228231740728675,1.0694234761109302,0.052626887204276177
adaptive_middle,95,你认为自己在事件中没有任何责任和错误，你想要对方也认同你没有错,20,proactive,high,trust_1,11,6.25,0.5681818181818182,0.4098360655737705,0.5259562841530054,0.9480874316939891,0.7811941029573182,1.0652665471375868,0.05243851870544728
adaptive_middle,95,你认为自己在事件中没有任何责任和错误，你想要对方也认同你没有错,21,proactive,high,trust_2,13,9.0,0.6923076923076923,0.3333333333333333,0.607843137254902,0.784313725490196,0.7232452023416732,0.892800505841447,0.04462333362380571
adaptive_middle,95,你认为自己在事件中没有任何责任和错误，你想要对方也认同你没有错,22,proactive,high,trust_3,10,4.0,0.4,0.35,0.38571428571428573,0.7714285714285715,0.8159306297353442,0.8938181658888731,0.04466944821866193
adaptive_middle,95,你认为自己在事件中没有任何责任和错误，你想要对方也认同你没有错,23,proactive,high,trust_4,8,2.0,0.25,0.3531746031746032,0.2843915343915344,0.5687830687830688,0.9020452512635119,0.7040898564725956,0.03607203482544135
adaptive_final,131,你希望对方引导你针对事件进行自我反思，收获自我成长,0,delayed,moderate,trust_1,16,7.75,0.484375,0.33024691358024694,0.4535493827160494,0.9070987654320988,0.6696852019753622,1.007551545728403,0.04943714689854852
adaptive_final,131,你希望对方引导你针对事件进行自我反思，收获自我成长,1,delayed,moderate,trust_2,9,0.75,0.08333333333333333,0.3402777777777778,0.1623931623931624,0.32478632478632474,0.8731626758892806,0.45576072616971686,0.024644534059166317
adaptive_final,131,你希望对方引导你针对事件进行自我反思，收获自我成长,2,delayed,moderate,trust_3,13,5.0,0.38461538461538464,0.40804597701149425,0.39012846517917515,0.7802569303583503,0.7379571505979622,0.8909505029480447,0.04419812441420614
adaptive_final,131,你希望对方引导你针对事件进行自我反思，收获自我成长,3,delayed,moderate,trust_4,6,1.5,0.25,0.3384146341463415,0.28536585365853656,0.5707317073170731,1.0436290108258428,0.7272760589409495,0.036844038448777226
adaptive_final,131,你希望对方引导你针对事件进行自我反思，收获自我成长,4,delayed,high,trust_1,7,3.0,0.42857142857142855,0.28716216216216217,0.3771498771498772,0.7542997542997544,0.9762255493520241,0.900733586702558,0.04463768991494224
adaptive_final,131,你希望对方引导你针对事件进行自我反思，收获自我成长,5,delayed,high,trust_2,10,2.75,0.275,0.2890625,0.27901785714285715,0.5580357142857143,0.8325279457860034,0.6829149061536148,0.03485083949152619
adaptive_final,131,你希望对方引导你针对事件进行自我反思，收获自我成长,6,delayed,high,trust_3,11,4.0,0.36363636363636365,0.38257575757575757,0.3686868686868687,0.7373737373737373,0.7970848232602187,0.8569364608627701,0.04266983335420424
adaptive_final,131,你希望对方引导你针对事件进行自我反思，收获自我成长,7,delayed,high,trust_4,6,0.75,0.125,0.2676056338028169,0.18204225352112674,0.3640845070422535,1.0436290108258428,0.5206288586661298,0.027559135820543153
adaptive_final,131,你希望对方引导你针对事件进行自我反思，收获自我成长,8,conditional,moderate,trust_1,8,3.0,0.375,0.32281553398058255,0.3576051779935275,0.715210355987055,0.9203942745525051,0.8532694971699307,0.042505072347115806
adaptive_final,131,你希望对方引导你针对事件进行自我反思，收获自我成长,9,conditional,moderate,trust_2,10,3.0,0.3,0.40460526315789475,0.3298872180451128,0.6597744360902256,0.8325279457860034,0.7846536279581261,0.03942208035140532
adaptive_final,131,你希望对方引导你针对事件进行自我反思，收获自我成长,10,conditional,moderate,trust_3,7,2.0,0.2857142857142857,0.38392857142857145,0.3214285714285714,0.6428571428571428,0.9762255493520241,0.7892909752599464,0.0396304418394557
adaptive_final,131,你希望对方引导你针对事件进行自我反思，收获自我成长,11,conditional,moderate,trust_4,19,7.25,0.3815789473684211,0.36688311688311687,0.3790231507622812,0.7580463015245624,0.6174192492003019,0.8506591889046077,0.042387788115628676
adaptive_final,131,你希望对方引导你针对事件进行自我反思，收获自我成长,12,conditional,high,trust_1,5,3.0,0.6,0.31790123456790126,0.47462277091906724,0.9492455418381345,1.1272481674163628,1.118332766950589,0.05441467793074703
adaptive_final,131,你希望对方引导你针对事件进行自我反思，收获自我成长,13,conditional,high,trust_2,10,4.75,0.475,0.3987341772151899,0.45320976491862563,0.9064195298372513,0.8325279457860034,1.0312987217051517,0.050504135545606996
adaptive_final,131,你希望对方引导你针对事件进行自我反思，收获自我成长,14,conditional,high,trust_3,11,3.5,0.3181818181818182,0.3941176470588235,0.3384313725490196,0.6768627450980392,0.7970848232602187,0.796425468587072,0.03995100304597605
adaptive_final,131,你希望对方引导你针对事件进行自我反思，收获自我成长,15,conditional,high,trust_4,9,3.75,0.4166666666666667,0.3936781609195402,0.4095932802829355,0.819186560565871,0.8731626758892806,0.9501609619492631,0.0468585202273032
adaptive_final,131,你希望对方引导你针对事件进行自我反思，收获自我成长,16,proactive,moderate,trust_1,10,1.75,0.175,0.3227848101265823,0.21722423146473777,0.4344484629294756,0.8325279457860034,0.5593276547973761,0.029297918409567598
adaptive_final,131,你希望对方引导你针对事件进行自我反思，收获自我成长,17,proactive,moderate,trust_2,15,6.25,0.4166666666666667,0.34797297297297297,0.40220483641536275,0.8044096728307255,0.6902957059143788,0.9079540287178823,0.044962112897474496
adaptive_final,131,你希望对方引导你针对事件进行自我反思，收获自我成长,18,proactive,moderate,trust_3,11,4.5,0.4090909090909091,0.39436619718309857,0.4051643192488263,0.8103286384976526,0.7970848232602187,0.9298913619866853,0.04594778317538329
adaptive_final,131,你希望对方引导你针对事件进行自我反思，收获自我成长,19,proactive,moderate,trust_4,9,4.0,0.4444444444444444,0.36428571428571427,0.4197802197802198,0.8395604395604396,0.8731626758892806,0.9705348409438317,0.04777394265921815
adaptive_final,131,你希望对方引导你针对事件进行自我反思，收获自我成长,20,proactive,high,trust_1,18,8.75,0.4861111111111111,0.45689655172413796,0.4807993730407523,0.9615987460815046,0.6334587838401788,1.0566175636575315,0.051641741000095887
adaptive_final,131,你希望对方引导你针对事件进行自我反思，收获自我成长,21,proactive,high,trust_2,11,4.25,0.38636363636363635,0.4166666666666667,0.3944444444444445,0.788888888888889,0.7970848232602187,0.9084516123779218,0.044984469918652244
adaptive_final,131,你希望对方引导你针对事件进行自我反思，收获自我成长,22,proactive,high,trust_3,6,1.0,0.16666666666666666,0.409375,0.26375000000000004,0.5275000000000001,1.0436290108258428,0.6840443516238766,0.03490158680966712
adaptive_final,131,你希望对方引导你针对事件进行自我反思，收获自我成长,23,proactive,high,trust_4,13,4.5,0.34615384615384615,0.3333333333333333,0.3431372549019608,0.6862745098039216,0.7379571505979622,0.7969680823936159,0.039975383324788415
adaptive_final,131,你希望对方深刻共情你的感受，而不是简单的安慰,0,delayed,moderate,trust_1,6,2.0,0.3333333333333333,0.35714285714285715,0.34285714285714286,0.6857142857142857,1.0436290108258428,0.8422586373381622,0.04016433934820646
adaptive_final,131,你希望对方深刻共情你的感受，而不是简单的安慰,1,delayed,moderate,trust_2,7,2.0,0.2857142857142857,0.3141891891891892,0.2960687960687961,0.5921375921375922,0.9762255493520241,0.7385714245403958,0.03573280468404298
adaptive_final,131,你希望对方深刻共情你的感受，而不是简单的安慰,2,delayed,moderate,trust_3,11,4.5,0.4090909090909091,0.4044943820224719,0.40786516853932586,0.8157303370786517,0.7970848232602187,0.9352930605676846,0.04414057962294712
adaptive_final,131,你希望对方深刻共情你的感受，而不是简单的安慰,3,delayed,moderate,trust_4,15,7.0,0.4666666666666667,0.3047945205479452,0.4325883201153569,0.8651766402307138,0.6902957059143788,0.9687209961178707,0.04556927127300624
adaptive_final,131,你希望对方深刻共情你的感受，而不是简单的安慰,4,delayed,high,trust_1,9,2.75,0.3055555555555556,0.2986111111111111,0.30341880341880345,0.6068376068376069,0.8731626758892806,0.737812008220999,0.03570034764664048
adaptive_final,131,你希望对方深刻共情你的感受，而不是简单的安慰,5,delayed,high,trust_2,6,1.25,0.20833333333333334,0.29411764705882354,0.24264705882352944,0.4852941176470589,1.0436290108258428,0.6418384692709354,0.031598491176362084
adaptive_final,131,你希望对方深刻共情你的感受，而不是简单的安慰,6,delayed,high,trust_3,4,1.25,0.3125,0.3835616438356164,0.3480308219178082,0.6960616438356164,1.2348384984006038,0.8812874185957069,0.041832408075062895
adaptive_final,131,你希望对方深刻共情你的感受，而不是简单的安慰,7,delayed,high,trust_4,7,1.0,0.14285714285714285,0.26785714285714285,0.1883116883116883,0.37662337662337664,0.9762255493520241,0.5230572090261802,0.026521845194428677
adaptive_final,131,你希望对方深刻共情你的感受，而不是简单的安慰,8,conditional,moderate,trust_1,15,6.5,0.43333333333333335,0.3098958333333333,0.40734649122807015,0.8146929824561403,0.6902957059143788,0.9182373383432971,0.04341162740000391
adaptive_final,131,你希望对方深刻共情你的感受，而不是简单的安慰,9,conditional,moderate,trust_2,15,5.25,0.35,0.4014084507042254,0.36082283172720536,0.7216456634544107,0.6902957059143788,0.8251900193415675,0.03943483596702478
adaptive_final,131,你希望对方深刻共情你的感受，而不是简单的安慰,10,conditional,moderate,trust_3,15,6.5,0.43333333333333335,0.3651315789473684,0.41897506925207756,0.8379501385041551,0.6902957059143788,0.9414944943913119,0.04440562550676812
adaptive_final,131,你希望对方深刻共情你的感受，而不是简单的安慰,11,conditional,moderate,trust_4,9,3.0,0.3333333333333333,0.3735632183908046,0.345711759504863,0.691423519009726,0.8731626758892806,0.8223979203931181,0.039315503187774936
adaptive_final,131,你希望对方深刻共情你的感受，而不是简单的安慰,12,conditional,high,trust_1,16,4.25,0.265625,0.35,0.28250000000000003,0.5650000000000001,0.6696852019753622,0.6654527802963044,0.03260775389117117
adaptive_final,131,你希望对方深刻共情你的感受，而不是简单的安慰,13,conditional,high,trust_2,17,7.0,0.4117647058823529,0.40625,0.4107142857142857,0.8214285714285714,0.6508170329013494,0.9190511263637738,0.04344640825412001
adaptive_final,131,你希望对方深刻共情你的感受，而不是简单的安慰,14,conditional,high,trust_3,6,3.25,0.5416666666666666,0.375,0.475,0.95,1.0436290108258428,1.1065443516238764,0.0514597659731333
adaptive_final,131,你希望对方深刻共情你的感受，而不是简单的安慰,15,conditional,high,trust_4,12,7.0,0.5833333333333334,0.36904761904761907,0.5297619047619048,0.9404761904761905,0.765814327048278,1.0553483395334322,0.04927167646697365
adaptive_final,131,你希望对方深刻共情你的感受，而不是简单的安慰,16,proactive,moderate,trust_1,14,5.25,0.375,0.29333333333333333,0.35685185185185186,0.7137037037037037,0.7129343394573018,0.8206438546222989,0.03924053537779272
adaptive_final,131,你希望对方深刻共情你的感受，而不是简单的安慰,17,proactive,moderate,trust_2,7,2.75,0.39285714285714285,0.3567073170731707,0.37971175166297116,0.7594235033259423,0.9762255493520241,0.9058573357287459,0.042882512871331775
adaptive_final,131,你希望对方深刻共情你的感受，而不是简单的安慰,18,proactive,moderate,trust_3,8,4.0,0.5,0.38513513513513514,0.4617117117117117,0.9234234234234234,0.9203942745525051,1.0614825646062993,0.049533849885611214
adaptive_final,131,你希望对方深刻共情你的感受，而不是简单的安慰,19,proactive,moderate,trust_4,10,4.25,0.425,0.36594202898550726,0.40812629399585926,0.8162525879917185,0.8325279457860034,0.941131779859619,0.044390123286416915
adaptive_final,131,你希望对方深刻共情你的感受，而不是简单的安慰,20,proactive,high,trust_1,9,6.5,0.7222222222222222,0.4375,0.6346153846153846,0.7307692307692308,0.8731626758892806,0.861743632152623,0.04099711735063713
adaptive_final,131,你希望对方深刻共情你的感受，而不是简单的安慰,21,proactive,high,trust_2,15,7.0,0.4666666666666667,0.403125,0.4532894736842106,0.9065789473684212,0.6902957059143788,1.010123303255578,0.04733878319551251
adaptive_final,131,你希望对方深刻共情你的感受，而不是简单的安慰,22,proactive,high,trust_3,16,8.0,0.5,0.3678571428571429,0.4735714285714286,0.9471428571428572,0.6696852019753622,1.0475956374391615,0.04894033022721404
adaptive_final,131,你希望对方深刻共情你的感受，而不是简单的安慰,23,proactive,high,trust_4,7,2.75,0.39285714285714285,0.33035714285714285,0.3701298701298701,0.7402597402597402,0.9762255493520241,0.8866935726625438,0.04206346413781697
adaptive_final,131,你希望对方用心倾听你的情绪宣泄,0,delayed,moderate,trust_1,15,6.5,0.43333333333333335,0.34146341463414637,0.413992297817715,0.82798459563543,0.6902957059143788,0.9315289515225869,0.042922979993798537
adaptive_final,131,你希望对方用心倾听你的情绪宣泄,1,delayed,moderate,trust_2,21,10.25,0.4880952380952381,0.25,0.45,0.9,0.5886861559925894,0.9883029233988885,0.045285064220238556
adaptive_final,131,你希望对方用心倾听你的情绪宣泄,2,delayed,moderate,trust_3,13,7.5,0.5769230769230769,0.3793103448275862,0.5304259634888439,0.9391480730223123,0.7379571505979622,1.0498416456120065,0.047845386146835284
adaptive_final,131,你希望对方用心倾听你的情绪宣泄,3,delayed,moderate,trust_4,13,4.0,0.3076923076923077,0.33666666666666667,0.31450980392156863,0.6290196078431373,0.7379571505979622,0.7397131804328316,0.034942474274369265
adaptive_final,131,你希望对方用心倾听你的情绪宣泄,4,delayed,high,trust_1,6,2.25,0.375,0.29333333333333333,0.3423333333333333,0.6846666666666666,1.0436290108258428,0.841211018290543,0.039165297407896434
adaptive_final,131,你希望对方用心倾听你的情绪宣泄,5,delayed,high,trust_2,12,6.5,0.5416666666666666,0.23790322580645162,0.4657258064516129,0.9314516129032258,0.765814327048278,1.0463237619604675,0.047699024403784145
adaptive_final,131,你希望对方用心倾听你的情绪宣泄,6,delayed,high,trust_3,6,3.5,0.5833333333333334,0.3626760563380282,0.4950704225352113,0.9901408450704225,1.0436290108258428,1.146685196694299,0.05187456742276089
adaptive_final,131,你希望对方用心倾听你的情绪宣泄,7,delayed,high,trust_4,9,2.75,0.3055555555555556,0.25,0.28846153846153844,0.5769230769230769,0.8731626758892806,0.707897478306469,0.03361878023532027
adaptive_final,131,你希望对方用心倾听你的情绪宣泄,8,conditional,moderate,trust_1,14,3.0,0.21428571428571427,0.3427835051546392,0.24284077892325318,0.48568155784650635,0.7129343394573018,0.5926217087651016,0.028822725495347805
adaptive_final,131,你希望对方用心倾听你的情绪宣泄,9,conditional,moderate,trust_2,8,2.75,0.34375,0.3974358974358974,0.36164529914529914,0.7232905982905983,0.9203942745525051,0.861349739473474,0.04000317001174593
adaptive_final,131,你希望对方用心倾听你的情绪宣泄,10,conditional,moderate,trust_3,11,4.5,0.4090909090909091,0.371875,0.39916666666666667,0.7983333333333333,0.7970848232602187,0.9178960568223662,0.04235578265903621
adaptive_final,131,你希望对方用心倾听你的情绪宣泄,11,conditional,moderate,trust_4,11,5.75,0.5227272727272727,0.35,0.4766666666666667,0.9533333333333334,0.7970848232602187,1.0728960568223662,0.048804566194842164
adaptive_final,131,你希望对方用心倾听你的情绪宣泄,12,conditional,high,trust_1,12,3.25,0.2708333333333333,0.34459459459459457,0.28927364864864863,0.5785472972972973,0.765814327048278,0.6934194463545389,0.03301642091865911
adaptive_final,131,你希望对方用心倾听你的情绪宣泄,13,conditional,high,trust_2,12,5.5,0.4583333333333333,0.39935064935064934,0.44358766233766234,0.8871753246753247,0.765814327048278,1.0020474737325664,0.04585690699377971
adaptive_final,131,你希望对方用心倾听你的情绪宣泄,14,conditional,high,trust_3,13,6.5,0.5,0.3674698795180723,0.46881644223954644,0.9376328844790929,0.7379571505979622,1.0483264570687871,0.04778234664405363
adaptive_final,131,你希望对方用心倾听你的情绪宣泄,15,conditional,high,trust_4,12,4.75,0.3958333333333333,0.3958333333333333,0.3958333333333333,0.7916666666666666,0.765814327048278,0.9065388157239083,0.041883264017694835
adaptive_final,131,你希望对方用心倾听你的情绪宣泄,16,proactive,moderate,trust_1,7,1.75,0.25,0.31097560975609756,0.27217294900221733,0.5443458980044347,0.9762255493520241,0.6907797304072383,0.03290659539130326
adaptive_final,131,你希望对方用心倾听你的情绪宣泄,17,proactive,moderate,trust_2,12,4.25,0.3541666666666667,0.36038961038961037,0.3557224025974026,0.7114448051948052,0.765814327048278,0.826316954252047,0.03854562905336293
adaptive_final,131,你希望对方用心倾听你的情绪宣泄,18,proactive,moderate,trust_3,13,7.0,0.5384615384615384,0.3695652173913043,0.49872122762148335,0.9974424552429667,0.7379571505979622,1.108136027832661,0.05027072712938068
adaptive_final,131,你希望对方用心倾听你的情绪宣泄,19,proactive,moderate,trust_4,10,2.5,0.25,0.391304347826087,0.2903726708074534,0.5807453416149068,0.8325279457860034,0.7056245334828073,0.0335242142407614
adaptive_final,131,你希望对方用心倾听你的情绪宣泄,20,proactive,high,trust_1,8,4.5,0.5625,0.4536082474226804,0.5262027491408935,0.947594501718213,0.9203942745525051,1.0856536429010888,0.04933534626620406
adaptive_final,131,你希望对方用心倾听你的情绪宣泄,21,proactive,high,trust_2,13,3.25,0.25,0.43902439024390244,0.2944763271162123,0.5889526542324246,0.7379571505979622,0.699646226822119,0.03327548646291981
adaptive_final,131,你希望对方用心倾听你的情绪宣泄,22,proactive,high,trust_3,9,4.0,0.4444444444444444,0.38636363636363635,0.42657342657342656,0.8531468531468531,0.8731626758892806,0.9841212545302452,0.04511108565667534
adaptive_final,131,你希望对方用心倾听你的情绪宣泄,23,proactive,high,trust_4,10,4.75,0.475,0.31790123456790126,0.4301146384479718,0.8602292768959436,0.8325279457860034,0.9851084687638442,0.04515215875922983
adaptive_final,131,你希望对方真诚地夸奖你在事件中的具体行为,0,delayed,moderate,trust_1,9,4.0,0.4444444444444444,0.3465909090909091,0.4143356643356644,0.8286713286713288,0.8731626758892806,0.9596457300547209,0.040609252193058235
adaptive_final,131,你希望对方真诚地夸奖你在事件中的具体行为,1,delayed,moderate,trust_2,8,3.75,0.46875,0.2945205479452055,0.4106735159817352,0.8213470319634704,0.9203942745525051,0.9594061731463461,0.04060015500974519
adaptive_final,131,你希望对方真诚地夸奖你在事件中的具体行为,2,delayed,moderate,trust_3,7,4.75,0.6785714285714286,0.3844086021505376,0.5716031280547409,0.8567937438905182,0.9762255493520241,1.0032275762933218,0.042264274571845555
adaptive_final,131,你希望对方真诚地夸奖你在事件中的具体行为,3,delayed,moderate,trust_4,9,4.75,0.5277777777777778,0.310126582278481,0.4608081791626095,0.921616358325219,0.8731626758892806,1.052590759708611,0.044138843464434745
adaptive_final,131,你希望对方真诚地夸奖你在事件中的具体行为,4,delayed,high,trust_1,13,4.5,0.34615384615384615,0.29044117647058826,0.33304498269896193,0.6660899653979239,0.7379571505979622,0.7767835379876182,0.03366505303159389
adaptive_final,131,你希望对方真诚地夸奖你在事件中的具体行为,5,delayed,high,trust_2,10,3.5,0.35,0.27734375,0.32924107142857145,0.6584821428571429,0.8325279457860034,0.7833613347250434,0.033914845129522746
adaptive_final,131,你希望对方真诚地夸奖你在事件中的具体行为,6,delayed,high,trust_3,8,3.25,0.40625,0.37681159420289856,0.39643719806763283,0.7928743961352657,0.9203942745525051,0.9309335373181414,0.03951890550919046
adaptive_final,131,你希望对方真诚地夸奖你在事件中的具体行为,7,delayed,high,trust_4,12,5.5,0.4583333333333333,0.21923076923076923,0.39855769230769234,0.7971153846153847,0.765814327048278,0.9119875336726264,0.03879943025221658
adaptive_final,131,你希望对方真诚地夸奖你在事件中的具体行为,8,conditional,moderate,trust_1,15,6.5,0.43333333333333335,0.3098958333333333,0.40734649122807015,0.8146929824561403,0.6902957059143788,0.9182373383432971,0.03903676683810559
adaptive_final,131,你希望对方真诚地夸奖你在事件中的具体行为,9,conditional,moderate,trust_2,11,7.5,0.6818181818181818,0.35,0.5933333333333334,0.8133333333333332,0.7970848232602187,0.9328960568223661,0.039593432266972046
adaptive_final,131,你希望对方真诚地夸奖你在事件中的具体行为,10,conditional,moderate,trust_3,10,5.0,0.5,0.3611111111111111,0.46031746031746035,0.9206349206349207,0.8325279457860034,1.0455141125028211,0.043870107499734114
adaptive_final,131,你希望对方真诚地夸奖你在事件中的具体行为,11,conditional,moderate,trust_4,12,6.0,0.5,0.35119047619047616,0.46279761904761907,0.9255952380952381,0.765814327048278,1.0404673871524799,0.043678457899836945
adaptive_final,131,你希望对方真诚地夸奖你在事件中的具体行为,12,conditional,high,trust_1,11,6.25,0.5681818181818182,0.3,0.4966666666666667,0.9933333333333334,0.7970848232602187,1.1128960568223663,0.04642893956858474
adaptive_final,131,你希望对方真诚地夸奖你在事件中的具体行为,13,conditional,high,trust_2,9,4.5,0.5,0.396875,0.46826923076923077,0.9365384615384615,0.8731626758892806,1.0675128629218535,0.044705510939265516
adaptive_final,131,你希望对方真诚地夸奖你在事件中的具体行为,14,conditional,high,trust_3,10,5.75,0.575,0.3633720930232558,0.5145348837209303,0.9709302325581395,0.8325279457860034,1.09580942442604,0.045780074010223284
adaptive_final,131,你希望对方真诚地夸奖你在事件中的具体行为,15,conditional,high,trust_4,9,4.5,0.5,0.3850574712643678,0.4646330680813439,0.9292661361626878,0.8731626758892806,1.06024053754608,0.04442934408812216
adaptive_final,131,你希望对方真诚地夸奖你在事件中的具体行为,16,proactive,moderate,trust_1,7,3.0,0.42857142857142855,0.29573170731707316,0.3802660753880266,0.7605321507760532,0.9762255493520241,0.9069659831788568,0.03860873666851892
adaptive_final,131,你希望对方真诚地夸奖你在事件中的具体行为,17,proactive,moderate,trust_2,7,4.75,0.6785714285714286,0.3323170731707317,0.552660753880266,0.8946784922394679,0.9762255493520241,1.0411123246422715,0.04370294942717336
adaptive_final,131,你希望对方真诚地夸奖你在事件中的具体行为,18,proactive,moderate,trust_3,4,2.25,0.5625,0.38782051282051283,0.4751602564102564,0.9503205128205128,1.2348384984006038,1.1355462875806033,0.047289083000424406
adaptive_final,131,你希望对方真诚地夸奖你在事件中的具体行为,19,proactive,moderate,trust_4,7,4.0,0.5714285714285714,0.3541666666666667,0.49242424242424243,0.9848484848484849,0.9762255493520241,1.1312823172512885,0.0471271585542028
adaptive_final,131,你希望对方真诚地夸奖你在事件中的具体行为,20,proactive,high,trust_1,8,4.75,0.59375,0.45103092783505155,0.5461769759450171,0.9076460481099657,0.9203942745525051,1.0457051892928415,0.04387736364858608
adaptive_final,131,你希望对方真诚地夸奖你在事件中的具体行为,21,proactive,high,trust_2,6,1.75,0.2916666666666667,0.42134831460674155,0.34353932584269664,0.6870786516853933,1.0436290108258428,0.8436230033092698,0.0362032844384941
adaptive_final,131,你希望对方真诚地夸奖你在事件中的具体行为,22,proactive,high,trust_3,8,3.75,0.46875,0.38461538461538464,0.4407051282051282,0.8814102564102564,0.9203942745525051,1.0194693975931322,0.04288105839454746
adaptive_final,131,你希望对方真诚地夸奖你在事件中的具体行为,23,proactive,high,trust_4,11,4.75,0.4318181818181818,0.321875,0.40249999999999997,0.8049999999999999,0.7970848232602187,0.9245627234890328,0.03927697359560108
adaptive_final,131,你希望对方辩证地分析事件中的问题,0,delayed,moderate,trust_1,11,4.5,0.4090909090909091,0.3488372093023256,0.3930232558139535,0.786046511627907,0.7970848232602187,0.9056092351169398,0.050712415898521976
adaptive_final,131,你希望对方辩证地分析事件中的问题,1,delayed,moderate,trust_2,8,1.25,0.15625,0.3287671232876712,0.21375570776255706,0.42751141552511407,0.9203942745525051,0.5655705567079898,0.033235391106133765
adaptive_final,131,你希望对方辩证地分析事件中的问题,2,delayed,moderate,trust_3,13,3.75,0.28846153846153844,0.4224137931034483,0.3199797160243408,0.6399594320486816,0.7379571505979622,0.7506530046383759,0.042748104619344855
adaptive_final,131,你希望对方辩证地分析事件中的问题,3,delayed,moderate,trust_4,10,1.25,0.125,0.358974358974359,0.19184981684981686,0.38369963369963367,0.8325279457860034,0.5085788255675342,0.030306177574416164
adaptive_final,131,你希望对方辩证地分析事件中的问题,4,delayed,high,trust_1,7,1.5,0.21428571428571427,0.30743243243243246,0.24815724815724816,0.4963144963144963,0.9762255493520241,0.6427483287172999,0.037202109954528446
adaptive_final,131,你希望对方辩证地分析事件中的问题,5,delayed,high,trust_2,8,0.25,0.03125,0.3181818181818182,0.1268939393939394,0.2537878787878788,0.9203942745525051,0.39184701997075455,0.024306493450183726
adaptive_final,131,你希望对方辩证地分析事件中的问题,6,delayed,high,trust_3,12,3.75,0.3125,0.3923076923076923,0.33245192307692306,0.6649038461538461,0.765814327048278,0.7797759952110879,0.044244943833781636
adaptive_final,131,你希望对方辩证地分析事件中的问题,7,delayed,high,trust_4,9,1.5,0.16666666666666666,0.26838235294117646,0.19796380090497737,0.3959276018099547,0.8731626758892806,0.5269020031933468,0.031247936997608985
adaptive_final,131,你希望对方辩证地分析事件中的问题,8,conditional,moderate,trust_1,10,1.5,0.15,0.34405940594059403,0.20544554455445543,0.4108910891089108,0.8325279457860034,0.5357702809768113,0.0317037413531976
adaptive_final,131,你希望对方辩证地分析事件中的问题,9,conditional,moderate,trust_2,7,2.5,0.35714285714285715,0.39556962025316456,0.3711162255466052,0.7422324510932105,0.9762255493520241,0.8886662834960141,0.049841596182010096
adaptive_final,131,你希望对方辩证地分析事件中的问题,10,conditional,moderate,trust_3,13,5.75,0.4423076923076923,0.36538461538461536,0.4242081447963801,0.8484162895927602,0.7379571505979622,0.9591098621824545,0.053462196570554205
adaptive_final,131,你希望对方辩证地分析事件中的问题,11,conditional,moderate,trust_4,9,3.5,0.3888888888888889,0.367816091954023,0.3824049513704686,0.7648099027409372,0.8731626758892806,0.8957843041243293,0.05020744227803622
adaptive_final,131,你希望对方辩证地分析事件中的问题,12,conditional,high,trust_1,14,4.0,0.2857142857142857,0.34375,0.2986111111111111,0.5972222222222222,0.7129343394573018,0.7041623731408175,0.040358617861254845
adaptive_final,131,你希望对方辩证地分析事件中的问题,13,conditional,high,trust_2,6,0.5,0.08333333333333333,0.4307228915662651,0.22228915662650603,0.4445783132530121,1.0436290108258428,0.6011226648768886,0.035062668752302725
adaptive_final,131,你希望对方辩证地分析事件中的问题,14,conditional,high,trust_3,14,5.25,0.375,0.3871951219512195,0.377710027100271,0.755420054200542,0.7129343394573018,0.8623602051191372,0.04848953827455565
adaptive_final,131,你希望对方辩证地分析事件中的问题,15,conditional,high,trust_4,14,4.0,0.2857142857142857,0.4146341463414634,0.3143631436314363,0.6287262872628726,0.7129343394573018,0.7356664381814679,0.041977837558122025
adaptive_final,131,你希望对方辩证地分析事件中的问题,16,proactive,moderate,trust_1,9,2.5,0.2777777777777778,0.309375,0.2875,0.575,0.8731626758892806,0.7059744013833921,0.0404517509797229
adaptive_final,131,你希望对方辩证地分析事件中的问题,17,proactive,moderate,trust_2,10,2.25,0.225,0.37658227848101267,0.2683092224231465,0.536618444846293,0.8325279457860034,0.6614976367141935,0.03816577127163232
adaptive_final,131,你希望对方辩证地分析事件中的问题,18,proactive,moderate,trust_3,12,6.0,0.5,0.37857142857142856,0.46964285714285714,0.9392857142857143,0.765814327048278,1.054157863342956,0.058347394573680274
adaptive_final,131,你希望对方辩证地分析事件中的问题,19,proactive,moderate,trust_4,12,4.25,0.3541666666666667,0.376865671641791,0.35984141791044777,0.7196828358208955,0.765814327048278,0.8345549848781373,0.047060428722126034
adaptive_final,131,你希望对方辩证地分析事件中的问题,20,proactive,high,trust_1,19,7.25,0.3815789473684211,0.4796511627906977,0.39863498483316484,0.7972699696663297,0.6174192492003019,0.8898828570463749,0.049904124616130904
adaptive_final,131,你希望对方辩证地分析事件中的问题,21,proactive,high,trust_2,9,1.5,0.16666666666666666,0.438953488372093,0.2504472271914132,0.5008944543828264,0.8731626758892806,0.6318688557662185,0.03664293586473418
adaptive_final,131,你希望对方辩证地分析事件中的问题,22,proactive,high,trust_3,10,2.75,0.275,0.40789473684210525,0.31296992481203006,0.6259398496240601,0.8325279457860034,0.7508190414919607,0.042756638443261975
adaptive_final,131,你希望对方辩证地分析事件中的问题,23,proactive,high,trust_4,17,5.25,0.3088235294117647,0.34121621621621623,0.314993564993565,0.62998712998713,0.6508170329013494,0.7276096849223325,0.041563743264158445
adaptive_final,131,你想分析事件中其他人物这么做的原因,0,delayed,moderate,trust_1,16,3.25,0.203125,0.38580246913580246,0.23966049382716048,0.47932098765432096,0.6696852019753622,0.5797737679506253,0.036490134182963686
adaptive_final,131,你想分析事件中其他人物这么做的原因,1,delayed,moderate,trust_2,7,0.5,0.07142857142857142,0.3344594594594595,0.1670761670761671,0.33415233415233425,0.9762255493520241,0.48058616655513786,0.030960240646974158
adaptive_final,131,你想分析事件中其他人物这么做的原因,2,delayed,moderate,trust_3,14,5.25,0.375,0.40988372093023256,0.38275193798449614,0.7655038759689923,0.7129343394573018,0.8724440268875875,0.05280704627985727
adaptive_final,131,你想分析事件中其他人物这么做的原因,3,delayed,moderate,trust_4,14,2.25,0.16071428571428573,0.36486486486486486,0.20608108108108109,0.41216216216216217,0.7129343394573018,0.5191023130807575,0.03310758756036508
adaptive_final,131,你想分析事件中其他人物这么做的原因,4,delayed,high,trust_1,14,3.25,0.23214285714285715,0.31343283582089554,0.2502072968490879,0.5004145936981758,0.7129343394573018,0.6073547446167711,0.03802782500758863
adaptive_final,131,你想分析事件中其他人物这么做的原因,5,delayed,high,trust_2,7,1.75,0.25,0.291044776119403,0.2649253731343284,0.5298507462686568,0.9762255493520241,0.6762845786714604,0.04187079165274433
adaptive_final,131,你想分析事件中其他人物这么做的原因,6,delayed,high,trust_3,7,1.5,0.21428571428571427,0.3964285714285714,0.2805194805194805,0.561038961038961,0.9762255493520241,0.7074727934417646,0.043609592720931116
adaptive_final,131,你想分析事件中其他人物这么做的原因,7,delayed,high,trust_4,14,2.25,0.16071428571428573,0.2777777777777778,0.1867283950617284,0.3734567901234568,0.7129343394573018,0.48039694104205205,0.0309496909721465
adaptive_final,131,你想分析事件中其他人物这么做的原因,8,conditional,moderate,trust_1,19,4.75,0.25,0.3423913043478261,0.2660680529300567,0.5321361058601134,0.6174192492003019,0.6247489932401586,0.038997586768862974
adaptive_final,131,你想分析事件中其他人物这么做的原因,9,conditional,moderate,trust_2,9,4.5,0.5,0.37987012987012986,0.46303696303696307,0.9260739260739261,0.8731626758892806,1.0570483274573181,0.06309907990174164
adaptive_final,131,你想分析事件中其他人物这么做的原因,10,conditional,moderate,trust_3,15,3.0,0.2,0.41118421052631576,0.24445983379501382,0.4889196675900276,0.6902957059143788,0.5924640234771844,0.03719763956689333
adaptive_final,131,你想分析事件中其他人物这么做的原因,11,conditional,moderate,trust_4,10,1.5,0.15,0.3953488372093023,0.22009966777408638,0.4401993355481728,0.8325279457860034,0.5650785274160733,0.035670847150123634
adaptive_final,131,你想分析事件中其他人物这么做的原因,12,conditional,high,trust_1,9,2.25,0.25,0.34415584415584416,0.27897102897102893,0.5579420579420579,0.8731626758892806,0.68891645932545,0.042575042528792496
adaptive_final,131,你想分析事件中其他人物这么做的原因,13,conditional,high,trust_2,11,3.25,0.29545454545454547,0.4230769230769231,0.3294871794871795,0.658974358974359,0.7970848232602187,0.7785370824633917,0.04757155920637399
adaptive_final,131,你想分析事件中其他人物这么做的原因,14,conditional,high,trust_3,11,1.25,0.11363636363636363,0.42058823529411765,0.19549019607843138,0.39098039215686275,0.7970848232602187,0.5105431156458955,0.032630396360029686
adaptive_final,131,你想分析事件中其他人物这么做的原因,15,conditional,high,trust_4,7,0.75,0.10714285714285714,0.41853932584269665,0.2203779366700715,0.440755873340143,0.9762255493520241,0.5871897057429466,0.036903586528661034
adaptive_final,131,你想分析事件中其他人物这么做的原因,16,proactive,moderate,trust_1,10,2.25,0.225,0.31645569620253167,0.25113019891500904,0.5022603978300181,0.8325279457860034,0.6271395896979186,0.039130866974381964
adaptive_final,131,你想分析事件中其他人物这么做的原因,17,proactive,moderate,trust_2,14,4.75,0.3392857142857143,0.36333333333333334,0.3446296296296296,0.6892592592592592,0.7129343394573018,0.7961994101778544,0.0485562668763306
adaptive_final,131,你想分析事件中其他人物这么做的原因,18,proactive,moderate,trust_3,13,2.25,0.17307692307692307,0.4384057971014493,0.23550724637681159,0.47101449275362317,0.7379571505979622,0.5817080653433175,0.03659797486565023
adaptive_final,131,你想分析事件中其他人物这么做的原因,19,proactive,moderate,trust_4,11,3.0,0.2727272727272727,0.3897058823529412,0.30392156862745096,0.6078431372549019,0.7970848232602187,0.7274058607439347,0.04472089835264215
adaptive_final,131,你想分析事件中其他人物这么做的原因,20,proactive,high,trust_1,14,3.25,0.23214285714285715,0.49725274725274726,0.2910561660561661,0.5821123321123322,0.7129343394573018,0.6890524830309275,0.042582626103746204
adaptive_final,131,你想分析事件中其他人物这么做的原因,21,proactive,high,trust_2,9,3.0,0.3333333333333333,0.42151162790697677,0.3604651162790698,0.7209302325581396,0.8731626758892806,0.8519046339415317,0.05166193686408799
adaptive_final,131,你想分析事件中其他人物这么做的原因,22,proactive,high,trust_3,12,4.0,0.3333333333333333,0.40202702702702703,0.35050675675675674,0.7010135135135135,0.765814327048278,0.8158856625707551,0.04965381211710413
adaptive_final,131,你想分析事件中其他人物这么做的原因,23,proactive,high,trust_4,9,2.5,0.2777777777777778,0.34146341463414637,0.2973733583489681,0.5947467166979362,0.8731626758892806,0.7257211180813283,0.04462697081100713
adaptive_final,131,你想获得能真实帮助你解决当下困境的建议,0,delayed,moderate,trust_1,11,2.5,0.22727272727272727,0.37209302325581395,0.26589147286821707,0.5317829457364341,0.7970848232602187,0.6513456692254669,0.038565260142285014
adaptive_final,131,你想获得能真实帮助你解决当下困境的建议,1,delayed,moderate,trust_2,8,1.5,0.1875,0.3253424657534247,0.23344748858447492,0.4668949771689499,0.9203942745525051,0.6049541183518257,0.036115249073502644
adaptive_final,131,你想获得能真实帮助你解决当下困境的建议,2,delayed,moderate,trust_3,12,2.75,0.22916666666666666,0.4289772727272727,0.2791193181818182,0.5582386363636364,0.765814327048278,0.673110785420878,0.039714710302667336
adaptive_final,131,你想获得能真实帮助你解决当下困境的建议,3,delayed,moderate,trust_4,8,4.0,0.5,0.315625,0.43854166666666666,0.8770833333333333,0.9203942745525051,1.015142474516209,0.0577779439815831
adaptive_final,131,你想获得能真实帮助你解决当下困境的建议,4,delayed,high,trust_1,15,2.0,0.13333333333333333,0.3371212121212121,0.1762360446570973,0.3524720893141946,0.6902957059143788,0.45601644520135143,0.028249615334047722
adaptive_final,131,你想获得能真实帮助你解决当下困境的建议,5,delayed,high,trust_2,7,1.0,0.14285714285714285,0.30223880597014924,0.20081411126187246,0.40162822252374486,0.9762255493520241,0.5480620549265485,0.03311068935318957
adaptive_final,131,你想获得能真实帮助你解决当下困境的建议,6,delayed,high,trust_3,13,4.0,0.3076923076923077,0.39453125,0.328125,0.65625,0.7379571505979622,0.7669435725896944,0.044670167985133395
adaptive_final,131,你想获得能真实帮助你解决当下困境的建议,7,delayed,high,trust_4,8,1.5,0.1875,0.2644927536231884,0.2131642512077295,0.42632850241545905,0.9203942745525051,0.5643876435983348,0.033972869474289825
adaptive_final,131,你想获得能真实帮助你解决当下困境的建议,8,conditional,moderate,trust_1,7,3.5,0.5,0.31490384615384615,0.4326923076923077,0.8653846153846154,0.9762255493520241,1.011818447787419,0.05760239688033086
adaptive_final,131,你想获得能真实帮助你解决当下困境的建议,9,conditional,moderate,trust_2,9,1.25,0.1388888888888889,0.42207792207792205,0.226023976023976,0.452047952047952,0.8731626758892806,0.5830223534313441,0.034956997930757544
adaptive_final,131,你想获得能真实帮助你解决当下困境的建议,10,conditional,moderate,trust_3,7,1.0,0.14285714285714285,0.3958333333333333,0.23484848484848483,0.4696969696969697,0.9762255493520241,0.6161308020997733,0.03670550739380188
adaptive_final,131,你想获得能真实帮助你解决当下困境的建议,11,conditional,moderate,trust_4,14,4.25,0.30357142857142855,0.38109756097560976,0.32079945799457993,0.6415989159891599,0.7129343394573018,0.7485390669077552,0.04369819697344991
adaptive_final,131,你想获得能真实帮助你解决当下困境的建议,12,conditional,high,trust_1,10,3.0,0.3,0.33881578947368424,0.3110902255639098,0.6221804511278196,0.8325279457860034,0.7470596429957201,0.04362006626017025
adaptive_final,131,你想获得能真实帮助你解决当下困境的建议,13,conditional,high,trust_2,6,2.5,0.4166666666666667,0.4066265060240964,0.4126506024096385,0.825301204819277,1.0436290108258428,0.9818455564431534,0.05601948115162678
adaptive_final,131,你想获得能真实帮助你解决当下困境的建议,14,conditional,high,trust_3,11,2.25,0.20454545454545456,0.4088235294117647,0.25901960784313727,0.5180392156862745,0.7970848232602187,0.6376019391753074,0.03783943205257613
adaptive_final,131,你想获得能真实帮助你解决当下困境的建议,15,conditional,high,trust_4,13,4.5,0.34615384615384615,0.4036144578313253,0.3596739900779589,0.7193479801559178,0.7379571505979622,0.8300415527456122,0.04800247196912553
adaptive_final,131,你想获得能真实帮助你解决当下困境的建议,16,proactive,moderate,trust_1,10,1.25,0.125,0.3291139240506329,0.18331826401446655,0.3666365280289331,0.8325279457860034,0.4915157198968336,0.030124388095462213
adaptive_final,131,你想获得能真实帮助你解决当下困境的建议,17,proactive,moderate,trust_2,10,1.0,0.1,0.3924050632911392,0.18354430379746836,0.36708860759493667,0.8325279457860034,0.4919677994628372,0.030148263131321563
adaptive_final,131,你想获得能真实帮助你解决当下困境的建议,18,proactive,moderate,trust_3,10,2.5,0.25,0.4166666666666667,0.2976190476190476,0.5952380952380952,0.8325279457860034,0.7201172871059958,0.04219719789500844
adaptive_final,131,你想获得能真实帮助你解决当下困境的建议,19,proactive,moderate,trust_4,8,2.5,0.3125,0.38028169014084506,0.335093896713615,0.67018779342723,0.9203942745525051,0.8082469346101058,0.04685146376469375
adaptive_final,131,你想获得能真实帮助你解决当下困境的建议,20,proactive,high,trust_1,12,3.25,0.2708333333333333,0.48655913978494625,0.32476478494623656,0.6495295698924731,0.765814327048278,0.7644017189497148,0.04453592868000352
adaptive_final,131,你想获得能真实帮助你解决当下困境的建议,21,proactive,high,trust_2,11,4.25,0.38636363636363635,0.4166666666666667,0.3944444444444445,0.788888888888889,0.7970848232602187,0.9084516123779218,0.052143431052952896
adaptive_final,131,你想获得能真实帮助你解决当下困境的建议,22,proactive,high,trust_3,9,3.5,0.3888888888888889,0.39285714285714285,0.3901098901098901,0.7802197802197802,0.8731626758892806,0.9111941816031723,0.05228827046513524
adaptive_final,131,你想获得能真实帮助你解决当下困境的建议,23,proactive,high,trust_4,10,1.25,0.125,0.3611111111111111,0.19246031746031747,0.3849206349206349,0.8325279457860034,0.5097998267885354,0.031090000656884935
adaptive_final,131,你认为自己在事件中没有任何责任和错误，你想要对方也认同你没有错,0,delayed,moderate,trust_1,9,2.0,0.2222222222222222,0.3693181818181818,0.2674825174825175,0.534965034965035,0.8731626758892806,0.6659394363484271,0.033843046194642144
adaptive_final,131,你认为自己在事件中没有任何责任和错误，你想要对方也认同你没有错,1,delayed,moderate,trust_2,9,3.25,0.3611111111111111,0.3055555555555556,0.344017094017094,0.688034188034188,0.8731626758892806,0.8190085894175801,0.04066429454331218
adaptive_final,131,你认为自己在事件中没有任何责任和错误，你想要对方也认同你没有错,2,delayed,moderate,trust_3,13,5.0,0.38461538461538464,0.40804597701149425,0.39012846517917515,0.7802569303583503,0.7379571505979622,0.8909505029480447,0.043870255045675065
adaptive_final,131,你认为自己在事件中没有任何责任和错误，你想要对方也认同你没有错,3,delayed,moderate,trust_4,9,2.5,0.2777777777777778,0.33860759493670883,0.2964946445959104,0.5929892891918208,0.8731626758892806,0.7239636905752129,0.036428791528638094
adaptive_final,131,你认为自己在事件中没有任何责任和错误，你想要对方也认同你没有错,4,delayed,high,trust_1,6,3.0,0.5,0.2833333333333333,0.4133333333333333,0.8266666666666665,1.0436290108258428,0.9832110182905429,0.047981677074927065
adaptive_final,131,你认为自己在事件中没有任何责任和错误，你想要对方也认同你没有错,5,delayed,high,trust_2,10,2.25,0.225,0.296875,0.24553571428571427,0.4910714285714286,0.8325279457860034,0.6159506204393291,0.03161538555149575
adaptive_final,131,你认为自己在事件中没有任何责任和错误，你想要对方也认同你没有错,6,delayed,high,trust_3,12,6.0,0.5,0.3576923076923077,0.46442307692307694,0.9288461538461539,0.765814327048278,1.0437183029033956,0.05067807414103918
adaptive_final,131,你认为自己在事件中没有任何责任和错误，你想要对方也认同你没有错,7,delayed,high,trust_4,8,2.5,0.3125,0.25,0.2916666666666667,0.5833333333333334,0.9203942745525051,0.7213924745162091,0.036314209962431676
adaptive_final,131,你认为自己在事件中没有任何责任和错误，你想要对方也认同你没有错,8,conditional,moderate,trust_1,19,5.5,0.2894736842105263,0.3342391304347826,0.29725897920604916,0.5945179584120983,0.6174192492003019,0.6871308457921436,0.03478740280585719
adaptive_final,131,你认为自己在事件中没有任何责任和错误，你想要对方也认同你没有错,9,conditional,moderate,trust_2,13,5.0,0.38461538461538464,0.3938356164383562,0.38678485092667203,0.7735697018533441,0.7379571505979622,0.8842632744430384,0.04357225087251324
adaptive_final,131,你认为自己在事件中没有任何责任和错误，你想要对方也认同你没有错,10,conditional,moderate,trust_3,9,4.5,0.5,0.3628048780487805,0.45778611632270166,0.9155722326454033,0.8731626758892806,1.0465466340287954,0.05080411357244511
adaptive_final,131,你认为自己在事件中没有任何责任和错误，你想要对方也认同你没有错,11,conditional,moderate,trust_4,8,2.25,0.28125,0.3778409090909091,0.3134469696969697,0.6268939393939394,0.9203942745525051,0.7649530805768152,0.03825540912764647
adaptive_final,131,你认为自己在事件中没有任何责任和错误，你想要对方也认同你没有错,12,conditional,high,trust_1,5,0.75,0.15,0.345679012345679,0.2369684499314129,0.4739368998628257,1.1272481674163628,0.6430241249752802,0.032821867030001964
adaptive_final,131,你认为自己在事件中没有任何责任和错误，你想要对方也认同你没有错,13,conditional,high,trust_2,14,6.25,0.44642857142857145,0.4,0.4361111111111111,0.8722222222222222,0.7129343394573018,0.9791623731408174,0.04780125656897811
adaptive_final,131,你认为自己在事件中没有任何责任和错误，你想要对方也认同你没有错,14,conditional,high,trust_3,16,7.25,0.453125,0.371875,0.436875,0.87375,0.6696852019753622,0.9742027802963044,0.04758024133617397
adaptive_final,131,你认为自己在事件中没有任何责任和错误，你想要对方也认同你没有错,15,conditional,high,trust_4,16,6.75,0.421875,0.390625,0.415625,0.83125,0.6696852019753622,0.9317027802963044,0.04568630615063397
adaptive_final,131,你认为自己在事件中没有任何责任和错误，你想要对方也认同你没有错,16,proactive,moderate,trust_1,18,7.5,0.4166666666666667,0.27816901408450706,0.3914852752880922,0.7829705505761844,0.6334587838401788,0.8779893681522112,0.043292665651925515
adaptive_final,131,你认为自己在事件中没有任何责任和错误，你想要对方也认同你没有错,17,proactive,moderate,trust_2,10,4.0,0.4,0.35443037974683544,0.38698010849909587,0.7739602169981917,0.8325279457860034,0.8988394088660923,0.044221809786701066
adaptive_final,131,你认为自己在事件中没有任何责任和错误，你想要对方也认同你没有错,18,proactive,moderate,trust_3,7,2.0,0.2857142857142857,0.4066666666666667,0.3296969696969697,0.6593939393939394,0.9762255493520241,0.805827771796743,0.040076915384105384
adaptive_final,131,你认为自己在事件中没有任何责任和错误，你想要对方也认同你没有错,19,proactive,moderate,trust_4,8,3.0,0.375,0.3732394366197183,0.37441314553990607,0.7488262910798121,0.9203942745525051,0.8868854322626879,0.04368910256561143
adaptive_final,131,你认为自己在事件中没有任何责任和错误，你想要对方也认同你没有错,20,proactive,high,trust_1,13,8.25,0.6346153846153846,0.4375,0.5882352941176471,0.8235294117647058,0.7379571505979622,0.9342229843544002,0.04579861445981911
adaptive_final,131,你认为自己在事件中没有任何责任和错误，你想要对方也认同你没有错,21,proactive,high,trust_2,17,12.25,0.7205882352941176,0.34615384615384615,0.6492673992673993,0.7014652014652014,0.6508170329013494,0.7990877564004039,0.03977655885915931
adaptive_final,131,你认为自己在事件中没有任何责任和错误，你想要对方也认同你没有错,22,proactive,high,trust_3,12,4.75,0.3958333333333333,0.3918918918918919,0.39484797297297297,0.7896959459459459,0.765814327048278,0.9045680950031876,0.044477098262982476
adaptive_final,131,你认为自己在事件中没有任何责任和错误，你想要对方也认同你没有错,23,proactive,high,trust_4,10,2.75,0.275,0.3425925925925926,0.2943121693121693,0.5886243386243386,0.8325279457860034,0.7135035304922391,0.03596265352328456
